8119	ID:2	data | 8; 4160; 0; 0; 0; 1 
8283	ID:2	data | 6; 4160; 0; 0; 0; 1 
8374	ID:2	data | 4; 4160; 6360; 100; 93; 1 
8404	ID:2	data | 1; 4160; 6360; 100; 93; 1 
8456	ID:2	data | 7; 4160; 0; 0; 0; 1 
8747	ID:2	data | 9; 4160; 0; 0; 0; 1 
8921	ID:2	data | 3; 4160; 6360; 100; 93; 1 
10402	ID:2	data | 7; 4160; 0; 0; 0; 2 
12020	ID:2	data | 8; 4160; 0; 0; 0; 2 
12193	ID:2	data | 6; 4160; 0; 0; 0; 2 
12281	ID:2	data | 4; 4160; 6360; 72; 65; 2 
12318	ID:2	data | 1; 4160; 6360; 72; 65; 2 
12347	ID:2	data | 7; 4160; 0; 0; 0; 3 
12651	ID:2	data | 9; 4160; 0; 0; 0; 2 
12830	ID:2	data | 3; 4160; 6360; 72; 65; 2 
13063	ID:2	network | 8; 6; 3; 1; 3; -15; 0; 2; 1; |  | 6;9;
13187	ID:2	network | 2; 255; 255; 1; 9; 0; 3; 3; 1; | 4:1; 1:1; 3:1;  | 4;1;3;
13226	ID:2	network | 6; 3; 2; 1; 1; -25; 1; 4; 1; | 8:0;  | 8;4;9;3;
13312	ID:2	network | 4; 2; 1; 1; 7; -17; 3; 6; 1; | 6:1; 5:1; 9:1;  | 2;6;1;5;9;3;
13340	ID:2	network | 1; 2; 1; 1; 7; -21; 0; 3; 1; |  | 2;4;5;
13393	ID:2	network | 7; 5; 3; 1; 6; -14; 0; 2; 1; |  | 5;9;
13689	ID:2	network | 9; 4; 2; 1; 7; -34; 1; 5; 1; | 8:0;  | 8;6;4;7;5;
13700	ID:2	network | 5; 1; 2; 1; 1; -18; 1; 4; 1; | 7:0;  | 4;1;7;9;
13858	ID:2	network | 3; 2; 1; 1; 7; -23; 0; 3; 1; |  | 2;6;4;
15934	ID:2	data | 8; 4160; 0; 0; 0; 3 
16095	ID:2	data | 6; 4160; 0; 0; 0; 3 
16185	ID:2	data | 4; 4160; 6360; 58; 51; 3 
16221	ID:2	data | 1; 4160; 6360; 58; 51; 3 
16258	ID:2	data | 7; 4160; 0; 0; 0; 4 
16550	ID:2	data | 9; 4160; 0; 0; 0; 3 
16561	ID:2	data | 5; 4160; 0; 0; 0; 3 
16733	ID:2	data | 3; 4160; 6360; 58; 51; 3 
18214	ID:2	data | 7; 4160; 0; 0; 0; 5 
19840	ID:2	data | 8; 4160; 0; 0; 0; 4 
20007	ID:2	data | 6; 4160; 0; 0; 0; 4 
20090	ID:2	data | 4; 4160; 6360; 30; 23; 4 
20124	ID:2	data | 1; 4160; 6360; 30; 23; 4 
20162	ID:2	data | 7; 4160; 0; 0; 0; 6 
20466	ID:2	data | 9; 4160; 0; 0; 0; 4 
20473	ID:2	data | 5; 4160; 0; 0; 0; 4 
20644	ID:2	data | 3; 4160; 6360; 30; 23; 4 
21898	ID:2	network | 8; 6; 3; 1; 12; -15; 0; 2; 2; |  | 6;9;
22026	ID:2	network | 2; 255; 255; 1; 18; 0; 3; 3; 2; | 4:1; 1:1; 3:1;  | 4;1;3;
22064	ID:2	network | 6; 3; 2; 1; 10; -18; 1; 4; 2; | 8:1;  | 8;4;9;3;
22118	ID:2	data | 7; 4160; 0; 0; 0; 7 
22155	ID:2	network | 4; 2; 1; 1; 16; -17; 1; 6; 2; | 9:1;  | 2;6;1;5;9;3;
22181	ID:2	network | 1; 2; 1; 1; 16; -21; 1; 3; 2; | 5:1;  | 2;4;5;
22219	ID:2	network | 7; 5; 3; 1; 15; -14; 0; 2; 2; |  | 5;9;
22526	ID:2	network | 9; 4; 2; 1; 16; -34; 0; 5; 2; |  | 8;6;4;7;5;
22538	ID:2	network | 5; 1; 2; 1; 10; -14; 1; 4; 2; | 7:2;  | 4;1;7;9;
22701	ID:2	network | 3; 2; 1; 1; 16; -23; 1; 3; 2; | 6:1;  | 2;6;4;
23741	ID:2	data | 8; 4160; 0; 0; 0; 5 
23915	ID:2	data | 6; 4160; 0; 0; 0; 5 
24000	ID:2	data | 4; 4160; 6360; 16; 9; 5 
24037	ID:2	data | 1; 4160; 6360; 16; 9; 5 
24369	ID:2	data | 9; 4160; 0; 0; 0; 5 
24376	ID:2	data | 5; 4160; 0; 0; 0; 5 
24549	ID:2	data | 3; 4160; 6360; 16; 9; 5 
26014	ID:2	data | 7; 4160; 0; 0; 0; 8 
27648	ID:2	data | 8; 4160; 0; 0; 0; 6 
27818	ID:2	data | 6; 4160; 0; 0; 0; 6 
27905	ID:2	data | 4; 4160; 6360; 244; 237; 6 
27942	ID:2	data | 1; 4160; 6360; 244; 237; 6 
27990	ID:2	data | 7; 4160; 0; 0; 0; 9 
28268	ID:2	data | 9; 4160; 0; 0; 0; 6 
28289	ID:2	data | 5; 4160; 0; 0; 0; 6 
28459	ID:2	data | 3; 4160; 6360; 244; 237; 6 
29938	ID:2	data | 7; 4160; 0; 0; 0; 10 
30739	ID:2	network | 8; 6; 3; 1; 21; -15; 0; 2; 3; |  | 6;9;
30863	ID:2	network | 2; 255; 255; 1; 27; 0; 3; 3; 3; | 4:1; 1:1; 3:1;  | 4;1;3;
30901	ID:2	network | 6; 3; 2; 1; 19; -18; 1; 4; 3; | 8:1;  | 8;4;9;3;
30992	ID:2	network | 4; 2; 1; 1; 25; -17; 1; 6; 3; | 9:1;  | 2;6;1;5;9;3;
31021	ID:2	network | 1; 2; 1; 1; 25; -21; 1; 3; 3; | 5:1;  | 2;4;5;
31075	ID:2	network | 7; 5; 3; 1; 24; -14; 0; 2; 3; |  | 5;9;
31366	ID:2	network | 9; 4; 2; 1; 25; -34; 0; 5; 3; |  | 8;6;4;7;5;
31378	ID:2	network | 5; 1; 2; 1; 19; -14; 1; 4; 3; | 7:3;  | 4;1;7;9;
31535	ID:2	network | 3; 2; 1; 1; 25; -23; 1; 3; 3; | 6:1;  | 2;6;4;
31644	ID:2	data | 8; 4160; 0; 0; 0; 7 
31718	ID:2	data | 6; 4160; 0; 0; 0; 7 
31810	ID:2	data | 4; 4160; 6360; 216; 209; 7 
31841	ID:2	data | 1; 4160; 6360; 216; 209; 7 
31881	ID:2	data | 7; 4160; 0; 0; 0; 11 
32181	ID:2	data | 9; 4160; 0; 0; 0; 7 
32191	ID:2	data | 5; 4160; 0; 0; 0; 7 
32365	ID:2	data | 3; 4160; 6360; 216; 209; 7 
35457	ID:2	data | 8; 4160; 0; 0; 0; 8 
35629	ID:2	data | 6; 4160; 0; 0; 0; 8 
35720	ID:2	data | 4; 4160; 6360; 202; 195; 8 
35756	ID:2	data | 1; 4160; 6360; 202; 195; 8 
35791	ID:2	data | 7; 4160; 0; 0; 0; 12 
36089	ID:2	data | 9; 4160; 0; 0; 0; 8 
36096	ID:2	data | 5; 4160; 0; 0; 0; 8 
36271	ID:2	data | 3; 4160; 6360; 202; 195; 8 
37750	ID:2	data | 7; 4160; 0; 0; 0; 13 
39376	ID:2	data | 8; 4160; 0; 0; 0; 9 
39536	ID:2	data | 6; 4160; 0; 0; 0; 9 
39577	ID:2	network | 8; 6; 3; 1; 30; -15; 0; 2; 4; |  | 6;9;
39622	ID:2	data | 4; 4160; 6360; 174; 167; 9 
39662	ID:2	data | 1; 4160; 6360; 174; 167; 9 
39685	ID:2	data | 7; 4160; 0; 0; 0; 14 
39702	ID:2	network | 2; 255; 255; 1; 36; 0; 3; 3; 4; | 4:1; 1:1; 3:0;  | 4;1;3;
39743	ID:2	network | 6; 3; 2; 1; 28; -18; 1; 4; 4; | 8:1;  | 8;4;9;3;
39827	ID:2	network | 4; 2; 1; 1; 34; -17; 1; 6; 4; | 9:0;  | 2;6;1;5;9;3;
39854	ID:2	network | 1; 2; 1; 1; 34; -21; 1; 3; 4; | 5:0;  | 2;4;5;
39901	ID:2	network | 7; 5; 3; 1; 33; -14; 0; 2; 4; |  | 5;9;
40000	ID:2	data | 5; 4160; 0; 0; 0; 9 
40006	ID:2	data | 9; 4160; 0; 0; 0; 9 
40179	ID:2	data | 3; 4160; 6360; 174; 167; 9 
40202	ID:2	network | 9; 4; 2; 1; 34; -34; 0; 5; 4; |  | 8;6;4;7;5;
40214	ID:2	network | 5; 1; 2; 1; 28; -14; 1; 4; 4; | 7:1;  | 4;1;7;9;
40379	ID:2	network | 3; 2; 1; 1; 34; -23; 1; 3; 4; | 6:1;  | 2;6;4;
41650	ID:2	data | 7; 4160; 0; 0; 0; 15 
43278	ID:2	data | 8; 4160; 0; 0; 0; 10 
43447	ID:2	data | 6; 4160; 0; 0; 0; 10 
43529	ID:2	data | 4; 4160; 6360; 160; 153; 10 
43566	ID:2	data | 1; 4160; 6360; 160; 153; 10 
43901	ID:2	data | 5; 4160; 0; 0; 0; 10 
43908	ID:2	data | 9; 4160; 0; 0; 0; 10 
44080	ID:2	data | 3; 4160; 6360; 160; 153; 10 
45553	ID:2	data | 7; 4160; 0; 0; 0; 16 
47173	ID:2	data | 8; 4160; 0; 0; 0; 11 
47352	ID:2	data | 6; 4160; 0; 0; 0; 11 
47438	ID:2	data | 4; 4160; 6360; 132; 125; 11 
47467	ID:2	data | 1; 4160; 6360; 132; 125; 11 
47508	ID:2	data | 7; 4160; 0; 0; 0; 17 
47901	ID:2	data | 9; 4160; 0; 0; 0; 11 
47907	ID:2	data | 5; 4160; 0; 0; 0; 11 
47991	ID:2	data | 3; 4160; 6360; 132; 125; 11 
48408	ID:2	network | 8; 6; 3; 1; 39; -15; 0; 2; 5; |  | 6;9;
48539	ID:2	network | 2; 255; 255; 1; 45; 0; 3; 3; 5; | 4:1; 1:1; 3:1;  | 4;1;3;
48583	ID:2	network | 6; 3; 2; 1; 37; -18; 1; 4; 5; | 8:1;  | 8;4;9;3;
48668	ID:2	network | 4; 2; 1; 1; 43; -17; 1; 6; 5; | 9:1;  | 2;6;1;5;9;3;
48699	ID:2	network | 1; 2; 1; 1; 43; -21; 1; 3; 5; | 5:1;  | 2;4;5;
48748	ID:2	network | 7; 5; 3; 1; 42; -14; 0; 2; 5; |  | 5;9;
49040	ID:2	network | 9; 4; 2; 1; 43; -34; 0; 5; 5; |  | 8;6;4;7;5;
49052	ID:2	network | 5; 1; 2; 1; 37; -14; 1; 4; 5; | 7:1;  | 4;1;7;9;
49211	ID:2	network | 3; 2; 1; 1; 43; -23; 1; 3; 5; | 6:1;  | 2;6;4;
49466	ID:2	data | 7; 4160; 0; 0; 0; 18 
51083	ID:2	data | 8; 4160; 0; 0; 0; 12 
51257	ID:2	data | 6; 4160; 0; 0; 0; 12 
51343	ID:2	data | 4; 4160; 6360; 104; 97; 12 
51373	ID:2	data | 1; 4160; 6360; 104; 97; 12 
51417	ID:2	data | 7; 4160; 0; 0; 0; 19 
51707	ID:2	data | 9; 4160; 0; 0; 0; 12 
51718	ID:2	data | 5; 4160; 0; 0; 0; 12 
51896	ID:2	data | 3; 4160; 6360; 104; 97; 12 
54986	ID:2	data | 8; 4160; 0; 0; 0; 13 
55159	ID:2	data | 6; 4160; 0; 0; 0; 13 
55252	ID:2	data | 4; 4160; 6360; 90; 83; 13 
55284	ID:2	data | 1; 4160; 6360; 90; 83; 13 
55319	ID:2	data | 7; 4160; 0; 0; 0; 20 
55619	ID:2	data | 9; 4160; 0; 0; 0; 13 
55625	ID:2	data | 5; 4160; 0; 0; 0; 13 
55803	ID:2	data | 3; 4160; 6360; 90; 83; 13 
57255	ID:2	network | 8; 6; 3; 1; 48; -15; 0; 2; 6; |  | 6;9;
57274	ID:2	data | 7; 4160; 0; 0; 0; 21 
57377	ID:2	network | 2; 255; 255; 1; 54; 0; 3; 3; 6; | 4:1; 1:1; 3:1;  | 4;1;3;
57417	ID:2	network | 6; 3; 2; 1; 46; -18; 1; 4; 6; | 8:1;  | 8;4;9;3;
57502	ID:2	network | 4; 2; 1; 1; 52; -17; 1; 6; 6; | 9:1;  | 2;6;1;5;9;3;
57534	ID:2	network | 1; 2; 1; 1; 52; -21; 1; 3; 6; | 5:1;  | 2;4;5;
57581	ID:2	network | 7; 5; 3; 1; 51; -14; 0; 2; 6; |  | 5;9;
57875	ID:2	network | 9; 4; 2; 1; 52; -34; 0; 5; 6; |  | 8;6;4;7;5;
57886	ID:2	network | 5; 1; 2; 1; 46; -14; 1; 4; 6; | 7:2;  | 4;1;7;9;
58051	ID:2	network | 3; 2; 1; 1; 52; -23; 1; 3; 6; | 6:1;  | 2;6;4;
58888	ID:2	data | 8; 4160; 0; 0; 0; 14 
59065	ID:2	data | 6; 4160; 0; 0; 0; 14 
59158	ID:2	data | 4; 4160; 6360; 62; 55; 14 
59188	ID:2	data | 1; 4160; 6360; 62; 55; 14 
59233	ID:2	data | 7; 4160; 0; 0; 0; 22 
59523	ID:2	data | 9; 4160; 0; 0; 0; 14 
59542	ID:2	data | 5; 4160; 0; 0; 0; 14 
59710	ID:2	data | 3; 4160; 6360; 62; 55; 14 
61179	ID:2	data | 7; 4160; 0; 0; 0; 23 
62793	ID:2	data | 8; 4160; 0; 0; 0; 15 
62979	ID:2	data | 6; 4160; 0; 0; 0; 15 
63065	ID:2	data | 4; 4160; 6360; 48; 41; 15 
63096	ID:2	data | 1; 4160; 6360; 48; 41; 15 
63431	ID:2	data | 9; 4160; 0; 0; 0; 15 
63445	ID:2	data | 5; 4160; 0; 0; 0; 15 
63613	ID:2	data | 3; 4160; 6360; 48; 41; 15 
65091	ID:2	data | 7; 4160; 0; 0; 0; 24 
66092	ID:2	network | 8; 6; 3; 1; 57; -15; 0; 2; 7; |  | 6;9;
66215	ID:2	network | 2; 255; 255; 1; 63; 0; 3; 3; 7; | 4:0; 1:0; 3:0;  | 4;1;3;
66255	ID:2	network | 6; 3; 2; 1; 55; -18; 1; 4; 7; | 8:0;  | 8;4;9;3;
66341	ID:2	network | 4; 2; 1; 1; 61; -17; 1; 6; 7; | 9:0;  | 2;6;1;5;9;3;
66368	ID:2	network | 1; 2; 1; 1; 61; -21; 1; 3; 7; | 5:0;  | 2;4;5;
66428	ID:2	network | 7; 5; 3; 1; 60; -14; 0; 2; 7; |  | 5;9;
66714	ID:2	network | 9; 4; 2; 1; 61; -34; 0; 5; 7; |  | 8;6;4;7;5;
66726	ID:2	network | 5; 1; 2; 1; 55; -14; 1; 4; 7; | 7:0;  | 4;1;7;9;
66759	ID:2	data | 8; 4160; 0; 0; 0; 16 
66881	ID:2	data | 6; 4160; 0; 0; 0; 16 
66970	ID:2	data | 4; 4160; 6360; 20; 13; 16 
67003	ID:2	data | 1; 4160; 6360; 20; 13; 16 
67035	ID:2	data | 7; 4160; 0; 0; 0; 25 
67337	ID:2	data | 9; 4160; 0; 0; 0; 16 
67348	ID:2	data | 5; 4160; 0; 0; 0; 16 
67517	ID:2	data | 3; 4160; 6360; 20; 13; 16 
68991	ID:2	data | 7; 4160; 0; 0; 0; 26 
70607	ID:2	data | 8; 4160; 0; 0; 0; 17 
70784	ID:2	data | 6; 4160; 0; 0; 0; 17 
70876	ID:2	data | 4; 4160; 6360; 248; 241; 17 
70904	ID:2	data | 1; 4160; 6360; 248; 241; 17 
70942	ID:2	data | 7; 4160; 0; 0; 0; 27 
71239	ID:2	data | 9; 4160; 0; 0; 0; 17 
71258	ID:2	data | 5; 4160; 0; 0; 0; 17 
71423	ID:2	data | 3; 4160; 6360; 248; 241; 17 
74524	ID:2	data | 8; 4160; 0; 0; 0; 18 
74693	ID:2	data | 6; 4160; 0; 0; 0; 18 
74776	ID:2	data | 4; 4160; 6360; 234; 227; 18 
74813	ID:2	data | 1; 4160; 6360; 234; 227; 18 
74843	ID:2	data | 7; 4160; 0; 0; 0; 28 
74928	ID:2	network | 8; 6; 3; 1; 66; -15; 0; 2; 8; |  | 6;9;
75053	ID:2	network | 2; 255; 255; 1; 72; 0; 3; 3; 8; | 4:1; 1:1; 3:0;  | 4;1;3;
75089	ID:2	network | 6; 3; 2; 1; 64; -18; 1; 4; 8; | 8:1;  | 8;4;9;3;
75148	ID:2	data | 9; 4160; 0; 0; 0; 18 
75156	ID:2	data | 5; 4160; 0; 0; 0; 18 
75181	ID:2	network | 4; 2; 1; 1; 70; -17; 1; 6; 8; | 9:1;  | 2;6;1;5;9;3;
75214	ID:2	network | 1; 2; 1; 1; 70; -21; 1; 3; 8; | 5:1;  | 2;4;5;
75259	ID:2	network | 7; 5; 3; 1; 69; -14; 0; 2; 8; |  | 5;9;
75328	ID:2	data | 3; 4160; 6360; 234; 227; 18 
75555	ID:2	network | 9; 4; 2; 1; 70; -34; 0; 5; 8; |  | 8;6;4;7;5;
75567	ID:2	network | 5; 1; 2; 1; 64; -14; 1; 4; 8; | 7:1;  | 4;1;7;9;
75730	ID:2	network | 3; 2; 1; 1; 70; -23; 1; 3; 7; | 6:1;  | 2;6;4;
76808	ID:2	data | 7; 4160; 0; 0; 0; 29 
78432	ID:2	data | 8; 4160; 0; 0; 0; 19 
78600	ID:2	data | 6; 4160; 0; 0; 0; 19 
78687	ID:2	data | 4; 4160; 6360; 206; 199; 19 
78720	ID:2	data | 1; 4160; 6360; 206; 199; 19 
78767	ID:2	data | 7; 4160; 0; 0; 0; 30 
79050	ID:2	data | 9; 4160; 0; 0; 0; 19 
79062	ID:2	data | 5; 4160; 0; 0; 0; 19 
79238	ID:2	data | 3; 4160; 6360; 206; 199; 19 
80705	ID:2	data | 7; 4160; 0; 0; 0; 31 
82334	ID:2	data | 8; 4160; 0; 0; 0; 20 
82506	ID:2	data | 6; 4160; 0; 0; 0; 20 
82593	ID:2	data | 4; 4160; 6360; 192; 185; 20 
82623	ID:2	data | 1; 4160; 6360; 192; 185; 20 
82963	ID:2	data | 9; 4160; 0; 0; 0; 20 
82969	ID:2	data | 5; 4160; 0; 0; 0; 20 
83149	ID:2	data | 3; 4160; 6360; 192; 185; 20 
83766	ID:2	network | 8; 6; 3; 1; 75; -15; 0; 2; 9; |  | 6;9;
83891	ID:2	network | 2; 255; 255; 1; 81; 0; 3; 3; 9; | 4:1; 1:1; 3:1;  | 4;1;3;
83926	ID:2	network | 6; 3; 2; 1; 73; -18; 1; 4; 9; | 8:1;  | 8;4;9;3;
84014	ID:2	network | 4; 2; 1; 1; 79; -17; 1; 6; 9; | 9:1;  | 2;6;1;5;9;3;
84052	ID:2	network | 1; 2; 1; 1; 79; -21; 1; 3; 9; | 5:1;  | 2;4;5;
84093	ID:2	network | 7; 5; 3; 1; 78; -14; 0; 2; 9; |  | 5;9;
84390	ID:2	network | 9; 4; 2; 1; 79; -34; 0; 5; 9; |  | 8;6;4;7;5;
84402	ID:2	network | 5; 1; 2; 1; 73; -14; 1; 4; 9; | 7:1;  | 4;1;7;9;
84561	ID:2	network | 3; 2; 1; 1; 79; -23; 1; 3; 8; | 6:1;  | 2;6;4;
84629	ID:2	data | 7; 4160; 0; 0; 0; 32 
86241	ID:2	data | 8; 4160; 0; 0; 0; 21 
86406	ID:2	data | 6; 4160; 0; 0; 0; 21 
86501	ID:2	data | 4; 4160; 6360; 164; 157; 21 
86536	ID:2	data | 1; 4160; 6360; 164; 157; 21 
86581	ID:2	data | 7; 4160; 0; 0; 0; 33 
86867	ID:2	data | 9; 4160; 0; 0; 0; 21 
86874	ID:2	data | 5; 4160; 0; 0; 0; 21 
87054	ID:2	data | 3; 4160; 6360; 164; 157; 21 
90313	ID:2	data | 6; 4160; 0; 0; 0; 22 
90405	ID:2	data | 4; 4160; 6360; 136; 129; 22 
90436	ID:2	data | 1; 4160; 6360; 136; 129; 22 
90782	ID:2	data | 9; 4160; 0; 0; 0; 22 
90789	ID:2	data | 5; 4160; 0; 0; 0; 22 
90957	ID:2	data | 3; 4160; 6360; 136; 129; 22 
92601	ID:2	network | 8; 6; 3; 1; 84; -15; 0; 2; 10; |  | 6;9;
92729	ID:2	network | 2; 255; 255; 1; 90; 0; 3; 3; 10; | 4:2; 1:2; 3:2;  | 4;1;3;
92762	ID:2	network | 6; 3; 2; 1; 82; -18; 1; 4; 10; | 8:0;  | 8;4;9;3;
92854	ID:2	network | 4; 2; 1; 1; 88; -17; 1; 6; 10; | 9:2;  | 2;6;1;5;9;3;
92886	ID:2	network | 1; 2; 1; 1; 88; -21; 1; 3; 10; | 5:2;  | 2;4;5;
93228	ID:2	network | 9; 4; 2; 1; 88; -34; 0; 5; 10; |  | 8;6;4;7;5;
93240	ID:2	network | 5; 1; 2; 1; 82; -14; 1; 4; 10; | 7:0;  | 4;1;7;9;
93406	ID:2	network | 3; 2; 1; 1; 88; -23; 1; 3; 9; | 6:1;  | 2;6;4;
94226	ID:2	data | 6; 4160; 0; 0; 0; 23 
94311	ID:2	data | 4; 4160; 6360; 122; 115; 23 
94346	ID:2	data | 1; 4160; 6360; 122; 115; 23 
94682	ID:2	data | 9; 4160; 0; 0; 0; 23 
94690	ID:2	data | 5; 4160; 0; 0; 0; 23 
94863	ID:2	data | 3; 4160; 6360; 122; 115; 23 
98123	ID:2	data | 6; 4160; 0; 0; 0; 24 
98216	ID:2	data | 4; 4160; 6360; 94; 87; 24 
98255	ID:2	data | 1; 4160; 6360; 94; 87; 24 
98586	ID:2	data | 9; 4160; 0; 0; 0; 24 
98597	ID:2	data | 5; 4160; 0; 0; 0; 24 
98771	ID:2	data | 3; 4160; 6360; 94; 87; 24 
101435	ID:2	network | 8; 6; 3; 1; 93; -15; 0; 2; 11; |  | 6;9;
101567	ID:2	network | 2; 255; 255; 1; 99; 0; 3; 3; 11; | 4:0; 1:0; 3:0;  | 4;1;3;
101610	ID:2	network | 6; 3; 2; 1; 91; -18; 1; 4; 11; | 8:0;  | 8;4;9;3;
101687	ID:2	network | 4; 2; 1; 1; 97; -17; 1; 6; 11; | 9:0;  | 2;6;1;5;9;3;
101724	ID:2	network | 1; 2; 1; 1; 97; -21; 1; 3; 11; | 5:0;  | 2;4;5;
102038	ID:2	data | 6; 4160; 0; 0; 0; 25 
102062	ID:2	network | 9; 4; 2; 1; 97; -34; 0; 5; 11; |  | 8;6;4;7;5;
102074	ID:2	network | 5; 1; 2; 1; 91; -14; 1; 4; 11; | 7:0;  | 4;1;7;9;
102123	ID:2	data | 4; 4160; 6360; 80; 73; 25 
102155	ID:2	data | 1; 4160; 6360; 80; 73; 25 
102239	ID:2	network | 3; 2; 1; 1; 97; -23; 1; 3; 10; | 6:1;  | 2;6;4;
102487	ID:2	data | 9; 4160; 0; 0; 0; 25 
102507	ID:2	data | 5; 4160; 0; 0; 0; 25 
102673	ID:2	data | 3; 4160; 6360; 80; 73; 25 
102976	ID:2	network | 7; 5; 3; 0; 0; 0; 0; 0; 0; |  | 
105776	ID:2	data | 8; 4160; 0; 0; 0; 22 
105941	ID:2	data | 6; 4160; 0; 0; 0; 26 
106029	ID:2	data | 4; 4160; 6360; 52; 45; 26 
106064	ID:2	data | 1; 4160; 6360; 52; 45; 26 
106399	ID:2	data | 9; 4160; 0; 0; 0; 26 
106405	ID:2	data | 5; 4160; 0; 0; 0; 26 
106582	ID:2	data | 3; 4160; 6360; 52; 45; 26 
109852	ID:2	data | 6; 4160; 0; 0; 0; 27 
109941	ID:2	data | 4; 4160; 6360; 24; 17; 27 
109967	ID:2	data | 1; 4160; 6360; 24; 17; 27 
110289	ID:2	network | 8; 6; 3; 1; 102; -15; 0; 2; 12; |  | 6;9;
110303	ID:2	data | 9; 4160; 0; 0; 0; 27 
110310	ID:2	data | 5; 4160; 0; 0; 0; 27 
110405	ID:2	network | 2; 255; 255; 1; 108; 0; 3; 3; 12; | 4:1; 1:1; 3:0;  | 4;1;3;
110446	ID:2	network | 6; 3; 2; 1; 100; -18; 1; 4; 12; | 8:0;  | 8;4;9;3;
110489	ID:2	data | 3; 4160; 6360; 24; 17; 27 
110530	ID:2	network | 4; 2; 1; 1; 106; -17; 1; 6; 12; | 9:1;  | 2;6;1;5;9;3;
110565	ID:2	network | 1; 2; 1; 1; 106; -21; 1; 3; 12; | 5:1;  | 2;4;5;
110905	ID:2	network | 9; 4; 2; 1; 106; -34; 0; 5; 12; |  | 8;6;4;7;5;
110917	ID:2	network | 5; 1; 2; 1; 100; -14; 1; 4; 12; | 7:0;  | 4;1;7;9;
111081	ID:2	network | 3; 2; 1; 1; 106; -23; 1; 3; 11; | 6:1;  | 2;6;4;
113752	ID:2	data | 6; 4160; 0; 0; 0; 28 
113845	ID:2	data | 4; 4160; 6360; 10; 3; 28 
113872	ID:2	data | 1; 4160; 6360; 10; 3; 28 
114212	ID:2	data | 9; 4160; 0; 0; 0; 28 
114219	ID:2	data | 5; 4160; 0; 0; 0; 28 
114395	ID:2	data | 3; 4160; 6360; 10; 3; 28 
117656	ID:2	data | 6; 4160; 0; 0; 0; 29 
117745	ID:2	data | 4; 4160; 6360; 238; 231; 29 
117784	ID:2	data | 1; 4160; 6360; 238; 231; 29 
118115	ID:2	data | 9; 4160; 0; 0; 0; 29 
118133	ID:2	data | 5; 4160; 0; 0; 0; 29 
118303	ID:2	data | 3; 4160; 6360; 238; 231; 29 
119113	ID:2	network | 8; 6; 3; 1; 111; -15; 0; 2; 13; |  | 6;9;
119243	ID:2	network | 2; 255; 255; 1; 117; 0; 3; 3; 13; | 4:2; 1:2; 3:2;  | 4;1;3;
119283	ID:2	network | 6; 3; 2; 1; 109; -18; 1; 4; 13; | 8:0;  | 8;4;9;3;
119367	ID:2	network | 4; 2; 1; 1; 115; -17; 1; 6; 13; | 9:2;  | 2;6;1;5;9;3;
119404	ID:2	network | 1; 2; 1; 1; 115; -21; 1; 3; 13; | 5:2;  | 2;4;5;
119744	ID:2	network | 5; 1; 2; 1; 109; -14; 1; 4; 13; | 7:0;  | 4;1;7;9;
119756	ID:2	network | 9; 4; 2; 1; 115; -34; 0; 5; 13; |  | 8;6;4;7;5;
119913	ID:2	network | 3; 2; 1; 1; 115; -23; 1; 3; 12; | 6:1;  | 2;6;4;
121566	ID:2	data | 6; 4160; 0; 0; 0; 30 
121659	ID:2	data | 4; 4160; 6360; 224; 217; 30 
121690	ID:2	data | 1; 4160; 6360; 224; 217; 30 
122021	ID:2	data | 9; 4160; 0; 0; 0; 30 
122037	ID:2	data | 5; 4160; 0; 0; 0; 30 
122208	ID:2	data | 3; 4160; 6360; 224; 217; 30 
125304	ID:2	data | 8; 4160; 0; 0; 0; 23 
125471	ID:2	data | 6; 4160; 0; 0; 0; 31 
125559	ID:2	data | 4; 4160; 6360; 196; 189; 31 
125595	ID:2	data | 1; 4160; 6360; 196; 189; 31 
125930	ID:2	data | 9; 4160; 0; 0; 0; 31 
125936	ID:2	data | 5; 4160; 0; 0; 0; 31 
126115	ID:2	data | 3; 4160; 6360; 196; 189; 31 
127951	ID:2	network | 8; 6; 3; 1; 120; -15; 0; 2; 14; |  | 6;9;
128081	ID:2	network | 2; 255; 255; 1; 126; 0; 3; 3; 14; | 4:0; 1:0; 3:0;  | 4;1;3;
128123	ID:2	network | 6; 3; 2; 1; 118; -18; 1; 4; 14; | 8:0;  | 8;4;9;3;
128208	ID:2	network | 4; 2; 1; 1; 124; -17; 1; 6; 14; | 9:0;  | 2;6;1;5;9;3;
128234	ID:2	network | 1; 2; 1; 1; 124; -21; 1; 3; 14; | 5:0;  | 2;4;5;
128583	ID:2	network | 9; 4; 2; 1; 124; -34; 0; 5; 14; |  | 8;6;4;7;5;
128595	ID:2	network | 5; 1; 2; 1; 118; -14; 1; 4; 14; | 7:0;  | 4;1;7;9;
128759	ID:2	network | 3; 2; 1; 1; 124; -23; 1; 3; 13; | 6:0;  | 2;6;4;
129386	ID:2	data | 6; 4160; 0; 0; 0; 32 
129469	ID:2	data | 4; 4160; 6360; 168; 161; 32 
129499	ID:2	data | 1; 4160; 6360; 168; 161; 32 
129843	ID:2	data | 9; 4160; 0; 0; 0; 32 
129850	ID:2	data | 5; 4160; 0; 0; 0; 32 
130016	ID:2	data | 3; 4160; 6360; 168; 161; 32 
133283	ID:2	data | 6; 4160; 0; 0; 0; 33 
133371	ID:2	data | 4; 4160; 6360; 154; 147; 33 
133408	ID:2	data | 1; 4160; 6360; 154; 147; 33 
133739	ID:2	data | 9; 4160; 0; 0; 0; 33 
133757	ID:2	data | 5; 4160; 0; 0; 0; 33 
133928	ID:2	data | 3; 4160; 6360; 154; 147; 33 
136792	ID:2	network | 8; 6; 3; 1; 129; -15; 0; 2; 15; |  | 6;9;
136919	ID:2	network | 2; 255; 255; 1; 135; 0; 3; 3; 15; | 4:0; 1:0; 3:0;  | 4;1;3;
136961	ID:2	network | 6; 3; 2; 1; 127; -18; 1; 4; 15; | 8:0;  | 8;4;9;3;
137044	ID:2	network | 4; 2; 1; 1; 133; -17; 1; 6; 15; | 9:0;  | 2;6;1;5;9;3;
137075	ID:2	network | 1; 2; 1; 1; 133; -21; 1; 3; 15; | 5:0;  | 2;4;5;
137195	ID:2	data | 6; 4160; 0; 0; 0; 34 
137283	ID:2	data | 4; 4160; 6360; 126; 119; 34 
137316	ID:2	data | 1; 4160; 6360; 126; 119; 34 
137418	ID:2	network | 9; 4; 2; 1; 133; -34; 0; 5; 15; |  | 8;6;4;7;5;
137430	ID:2	network | 5; 1; 2; 1; 127; -14; 1; 4; 15; | 7:0;  | 4;1;7;9;
137590	ID:2	network | 3; 2; 1; 1; 133; -23; 1; 3; 14; | 6:1;  | 2;6;4;
137645	ID:2	data | 9; 4160; 0; 0; 0; 34 
137661	ID:2	data | 5; 4160; 0; 0; 0; 34 
137831	ID:2	data | 3; 4160; 6360; 126; 119; 34 
141097	ID:2	data | 6; 4160; 0; 0; 0; 35 
141189	ID:2	data | 4; 4160; 6360; 112; 105; 35 
141218	ID:2	data | 1; 4160; 6360; 112; 105; 35 
141559	ID:2	data | 9; 4160; 0; 0; 0; 35 
141566	ID:2	data | 5; 4160; 0; 0; 0; 35 
141741	ID:2	data | 3; 4160; 6360; 112; 105; 35 
144838	ID:2	data | 8; 4160; 0; 0; 0; 24 
145008	ID:2	data | 6; 4160; 0; 0; 0; 36 
145089	ID:2	data | 4; 4160; 6360; 84; 77; 36 
145123	ID:2	data | 1; 4160; 6360; 84; 77; 36 
145461	ID:2	data | 9; 4160; 0; 0; 0; 36 
145467	ID:2	data | 5; 4160; 0; 0; 0; 36 
145636	ID:2	network | 8; 6; 3; 1; 138; -15; 0; 2; 16; |  | 6;9;
145648	ID:2	data | 3; 4160; 6360; 84; 77; 36 
145757	ID:2	network | 2; 255; 255; 1; 144; 0; 3; 3; 16; | 4:2; 1:2; 3:2;  | 4;1;3;
145804	ID:2	network | 6; 3; 2; 1; 136; -18; 1; 4; 16; | 8:1;  | 8;4;9;3;
145879	ID:2	network | 4; 2; 1; 1; 142; -17; 1; 6; 16; | 9:2;  | 2;6;1;5;9;3;
145909	ID:2	network | 1; 2; 1; 1; 142; -21; 1; 3; 16; | 5:2;  | 2;4;5;
146256	ID:2	network | 9; 4; 2; 1; 142; -34; 0; 5; 16; |  | 8;6;4;7;5;
146268	ID:2	network | 5; 1; 2; 1; 136; -14; 1; 4; 16; | 7:0;  | 4;1;7;9;
146429	ID:2	network | 3; 2; 1; 1; 142; -23; 1; 3; 15; | 6:1;  | 2;6;4;
147124	ID:2	data | 7; 4160; 0; 0; 0; 34 
148741	ID:2	data | 8; 4160; 0; 0; 0; 25 
148916	ID:2	data | 6; 4160; 0; 0; 0; 37 
148998	ID:2	data | 4; 4160; 6360; 56; 49; 37 
149033	ID:2	data | 1; 4160; 6360; 56; 49; 37 
149072	ID:2	data | 7; 4160; 0; 0; 0; 35 
149372	ID:2	data | 5; 4160; 0; 0; 0; 37 
149554	ID:2	data | 3; 4160; 6360; 56; 49; 37 
152655	ID:2	data | 8; 4160; 0; 0; 0; 26 
152811	ID:2	data | 6; 4160; 0; 0; 0; 38 
152906	ID:2	data | 4; 4160; 6360; 42; 35; 38 
152934	ID:2	data | 1; 4160; 6360; 42; 35; 38 
152976	ID:2	data | 7; 4160; 0; 0; 0; 36 
153281	ID:2	data | 5; 4160; 0; 0; 0; 38 
153451	ID:2	data | 3; 4160; 6360; 42; 35; 38 
154458	ID:2	network | 8; 6; 3; 1; 147; -15; 0; 2; 17; |  | 6;9;
154594	ID:2	network | 2; 255; 255; 1; 153; 0; 3; 3; 17; | 4:2; 1:2; 3:2;  | 4;1;3;
154637	ID:2	network | 6; 3; 2; 1; 145; -18; 1; 4; 17; | 8:2;  | 8;4;9;3;
154718	ID:2	network | 4; 2; 1; 1; 151; -17; 1; 6; 17; | 9:0;  | 2;6;1;5;9;3;
154752	ID:2	network | 1; 2; 1; 1; 151; -21; 1; 3; 17; | 5:2;  | 2;4;5;
154798	ID:2	network | 7; 5; 3; 1; 150; -14; 0; 2; 10; |  | 5;9;
154933	ID:2	data | 7; 4160; 0; 0; 0; 37 
155097	ID:2	network | 9; 4; 2; 1; 0; -34; 0; 5; 17; |  | 8;6;4;7;5;
155109	ID:2	network | 5; 1; 2; 1; 145; -14; 1; 4; 17; | 7:3;  | 4;1;7;9;
155270	ID:2	network | 3; 2; 1; 1; 151; -23; 1; 3; 16; | 6:2;  | 2;6;4;
156563	ID:2	data | 8; 4160; 0; 0; 0; 27 
156719	ID:2	data | 6; 4160; 0; 0; 0; 39 
156808	ID:2	data | 4; 4160; 6360; 14; 7; 39 
156845	ID:2	data | 1; 4160; 6360; 14; 7; 39 
156890	ID:2	data | 7; 4160; 0; 0; 0; 38 
157180	ID:2	data | 5; 4160; 0; 0; 0; 39 
157357	ID:2	data | 3; 4160; 6360; 14; 7; 39 
158842	ID:2	data | 7; 4160; 0; 0; 0; 39 
160460	ID:2	data | 8; 4160; 0; 0; 0; 28 
160628	ID:2	data | 6; 4160; 0; 0; 0; 40 
160721	ID:2	data | 4; 4160; 6360; 0; 249; 40 
160753	ID:2	data | 1; 4160; 6360; 0; 249; 40 
161093	ID:2	data | 5; 4160; 0; 0; 0; 40 
161271	ID:2	data | 3; 4160; 6360; 0; 249; 40 
162736	ID:2	data | 7; 4160; 0; 0; 0; 40 
163300	ID:2	network | 8; 6; 3; 1; 156; -15; 0; 2; 18; |  | 6;9;
163432	ID:2	network | 2; 255; 255; 1; 162; 0; 3; 3; 18; | 4:0; 1:0; 3:0;  | 4;1;3;
163474	ID:2	network | 6; 3; 2; 1; 154; -18; 1; 4; 18; | 8:0;  | 8;4;9;3;
163552	ID:2	network | 4; 2; 1; 1; 160; -17; 1; 6; 18; | 9:0;  | 2;6;1;5;9;3;
163589	ID:2	network | 1; 2; 1; 1; 160; -21; 1; 3; 18; | 5:0;  | 2;4;5;
163634	ID:2	network | 7; 5; 3; 1; 159; -14; 0; 2; 11; |  | 5;9;
163929	ID:2	network | 9; 4; 2; 1; 0; -34; 0; 5; 18; |  | 8;6;4;7;5;
163941	ID:2	network | 5; 1; 2; 1; 154; -14; 1; 4; 18; | 7:1;  | 4;1;7;9;
164109	ID:2	network | 3; 2; 1; 1; 160; -23; 1; 3; 17; | 6:0;  | 2;6;4;
164368	ID:2	data | 8; 4160; 0; 0; 0; 29 
164537	ID:2	data | 6; 4160; 0; 0; 0; 41 
164629	ID:2	data | 4; 4160; 6360; 228; 221; 41 
164659	ID:2	data | 1; 4160; 6360; 228; 221; 41 
164701	ID:2	data | 7; 4160; 0; 0; 0; 41 
164992	ID:2	data | 9; 4160; 0; 0; 0; 37 
165002	ID:2	data | 5; 4160; 0; 0; 0; 41 
165178	ID:2	data | 3; 4160; 6360; 228; 221; 41 
166657	ID:2	data | 7; 4160; 0; 0; 0; 42 
168275	ID:2	data | 8; 4160; 0; 0; 0; 30 
168447	ID:2	data | 6; 4160; 0; 0; 0; 42 
168531	ID:2	data | 4; 4160; 6360; 200; 193; 42 
168565	ID:2	data | 1; 4160; 6360; 200; 193; 42 
168593	ID:2	data | 7; 4160; 0; 0; 0; 43 
168912	ID:2	data | 5; 4160; 0; 0; 0; 42 
169078	ID:2	data | 3; 4160; 6360; 200; 193; 42 
172146	ID:2	network | 8; 6; 3; 1; 165; -15; 0; 2; 19; |  | 6;9;
172179	ID:2	data | 8; 4160; 0; 0; 0; 31 
172270	ID:2	network | 2; 255; 255; 1; 171; 0; 3; 3; 19; | 4:1; 1:1; 3:1;  | 4;1;3;
172313	ID:2	network | 6; 3; 2; 1; 163; -18; 1; 4; 19; | 8:1;  | 8;4;9;3;
172346	ID:2	data | 6; 4160; 0; 0; 0; 43 
172396	ID:2	network | 4; 2; 1; 1; 169; -17; 1; 6; 19; | 9:0;  | 2;6;1;5;9;3;
172430	ID:2	network | 1; 2; 1; 1; 169; -21; 1; 3; 19; | 5:1;  | 2;4;5;
172439	ID:2	data | 4; 4160; 6360; 186; 179; 43 
172475	ID:2	network | 7; 5; 3; 1; 168; -14; 0; 2; 12; |  | 5;9;
172511	ID:2	data | 7; 4160; 0; 0; 0; 44 
172767	ID:2	network | 9; 4; 2; 1; 0; -34; 0; 5; 19; |  | 8;6;4;7;5;
172779	ID:2	network | 5; 1; 2; 1; 163; -14; 1; 4; 19; | 7:1;  | 4;1;7;9;
172808	ID:2	data | 5; 4160; 0; 0; 0; 43 
172945	ID:2	network | 3; 2; 1; 1; 169; -23; 1; 3; 18; | 6:1;  | 2;6;4;
172985	ID:2	data | 3; 4160; 6360; 186; 179; 43 
174463	ID:2	data | 7; 4160; 0; 0; 0; 45 
176088	ID:2	data | 8; 4160; 0; 0; 0; 32 
176256	ID:2	data | 6; 4160; 0; 0; 0; 44 
176342	ID:2	data | 4; 4160; 6360; 158; 151; 44 
176374	ID:2	data | 1; 4160; 6360; 158; 151; 43 
176412	ID:2	data | 7; 4160; 0; 0; 0; 46 
176721	ID:2	data | 5; 4160; 0; 0; 0; 44 
176899	ID:2	data | 3; 4160; 6360; 158; 151; 44 
178378	ID:2	data | 7; 4160; 0; 0; 0; 47 
179995	ID:2	data | 8; 4160; 0; 0; 0; 33 
180164	ID:2	data | 6; 4160; 0; 0; 0; 45 
180249	ID:2	data | 4; 4160; 6360; 144; 137; 45 
180282	ID:2	data | 1; 4160; 6360; 144; 137; 44 
180625	ID:2	data | 5; 4160; 0; 0; 0; 45 
180803	ID:2	data | 3; 4160; 6360; 144; 137; 45 
180986	ID:2	network | 8; 6; 3; 1; 174; -15; 0; 2; 20; |  | 6;9;
181108	ID:2	network | 2; 255; 255; 1; 180; 0; 3; 3; 20; | 4:2; 1:2; 3:2;  | 4;1;3;
181150	ID:2	network | 6; 3; 2; 1; 172; -18; 1; 4; 20; | 8:2;  | 8;4;9;3;
181234	ID:2	network | 4; 2; 1; 1; 178; -17; 1; 6; 20; | 9:0;  | 2;6;1;5;9;3;
181270	ID:2	network | 1; 2; 1; 1; 178; -21; 1; 3; 20; | 5:2;  | 2;4;5;
181315	ID:2	network | 7; 5; 3; 1; 177; -14; 0; 2; 13; |  | 5;9;
181600	ID:2	network | 9; 4; 2; 1; 0; -34; 0; 5; 20; |  | 8;6;4;7;5;
181619	ID:2	network | 5; 1; 2; 1; 172; -14; 1; 4; 20; | 7:2;  | 4;1;7;9;
181782	ID:2	network | 3; 2; 1; 1; 178; -23; 1; 3; 19; | 6:2;  | 2;6;4;
182284	ID:2	data | 7; 4160; 0; 0; 0; 48 
183892	ID:2	data | 8; 4160; 0; 0; 0; 34 
184070	ID:2	data | 6; 4160; 0; 0; 0; 46 
184154	ID:2	data | 4; 4160; 6360; 116; 109; 46 
184185	ID:2	data | 1; 4160; 6360; 116; 109; 45 
184231	ID:2	data | 7; 4160; 0; 0; 0; 49 
184527	ID:2	data | 9; 4160; 0; 0; 0; 38 
184534	ID:2	data | 5; 4160; 0; 0; 0; 46 
184711	ID:2	data | 3; 4160; 6360; 116; 109; 46 
186180	ID:2	data | 7; 4160; 0; 0; 0; 50 
187801	ID:2	data | 8; 4160; 0; 0; 0; 35 
187972	ID:2	data | 6; 4160; 0; 0; 0; 47 
188057	ID:2	data | 4; 4160; 6360; 88; 81; 47 
188095	ID:2	data | 1; 4160; 6360; 88; 81; 46 
188136	ID:2	data | 7; 4160; 0; 0; 0; 51 
188441	ID:2	data | 5; 4160; 0; 0; 0; 47 
188614	ID:2	data | 3; 4160; 6360; 88; 81; 47 
189814	ID:2	network | 8; 6; 3; 1; 184; -15; 0; 2; 21; |  | 6;9;
189946	ID:2	network | 2; 255; 255; 1; 190; 0; 3; 3; 21; | 4:0; 1:0; 3:0;  | 4;1;3;
189986	ID:2	network | 6; 3; 2; 1; 182; -18; 1; 4; 21; | 8:0;  | 8;4;9;3;
190071	ID:2	network | 4; 2; 1; 1; 188; -17; 1; 6; 21; | 9:0;  | 2;6;1;5;9;3;
190100	ID:2	network | 1; 2; 1; 1; 188; -21; 1; 3; 21; | 5:0;  | 2;4;5;
190142	ID:2	network | 7; 5; 3; 1; 187; -14; 0; 2; 14; |  | 5;9;
190446	ID:2	network | 9; 4; 2; 1; 0; -34; 0; 5; 21; |  | 8;6;4;7;5;
190458	ID:2	network | 5; 1; 2; 1; 182; -14; 1; 4; 21; | 7:0;  | 4;1;7;9;
190620	ID:2	network | 3; 2; 1; 1; 188; -23; 1; 3; 20; | 6:0;  | 2;6;4;
191710	ID:2	data | 8; 4160; 0; 0; 0; 36 
191881	ID:2	data | 6; 4160; 0; 0; 0; 48 
191971	ID:2	data | 4; 4160; 6360; 74; 67; 48 
192001	ID:2	data | 1; 4160; 6360; 74; 67; 47 
192037	ID:2	data | 7; 4160; 0; 0; 0; 52 
192342	ID:2	data | 5; 4160; 0; 0; 0; 48 
192519	ID:2	data | 3; 4160; 6360; 74; 67; 48 
193989	ID:2	data | 7; 4160; 0; 0; 0; 53 
195619	ID:2	data | 8; 4160; 0; 0; 0; 37 
195789	ID:2	data | 6; 4160; 0; 0; 0; 49 
195873	ID:2	data | 4; 4160; 6360; 46; 39; 49 
195912	ID:2	data | 1; 4160; 6360; 46; 39; 48 
195946	ID:2	data | 7; 4160; 0; 0; 0; 54 
196252	ID:2	data | 5; 4160; 0; 0; 0; 49 
196422	ID:2	data | 3; 4160; 6360; 46; 39; 49 
197891	ID:2	data | 7; 4160; 0; 0; 0; 55 
198655	ID:2	network | 8; 6; 3; 1; 193; -15; 0; 2; 22; |  | 6;9;
198784	ID:2	network | 2; 255; 255; 1; 199; 0; 3; 3; 22; | 4:1; 1:1; 3:1;  | 4;1;3;
198825	ID:2	network | 6; 3; 2; 1; 191; -18; 1; 4; 22; | 8:0;  | 8;4;9;3;
198904	ID:2	network | 4; 2; 1; 1; 197; -17; 1; 6; 22; | 9:0;  | 2;6;1;5;9;3;
198938	ID:2	network | 1; 2; 1; 1; 197; -21; 1; 3; 22; | 5:1;  | 2;4;5;
198979	ID:2	network | 7; 5; 3; 1; 196; -14; 0; 2; 15; |  | 5;9;
199288	ID:2	network | 9; 4; 2; 1; 0; -34; 0; 5; 22; |  | 8;6;4;7;5;
199300	ID:2	network | 5; 1; 2; 1; 191; -14; 1; 4; 22; | 7:1;  | 4;1;7;9;
199459	ID:2	network | 3; 2; 1; 1; 197; -23; 1; 3; 21; | 6:0;  | 2;6;4;
199531	ID:2	data | 8; 4160; 0; 0; 0; 38 
199697	ID:2	data | 6; 4160; 0; 0; 0; 50 
199777	ID:2	data | 4; 4160; 6360; 32; 25; 50 
199815	ID:2	data | 1; 4160; 6360; 32; 25; 49 
200163	ID:2	data | 5; 4160; 0; 0; 0; 50 
200330	ID:2	data | 3; 4160; 6360; 32; 25; 50 
201806	ID:2	data | 7; 4160; 0; 0; 0; 56 
203431	ID:2	data | 8; 4160; 0; 0; 0; 39 
203593	ID:2	data | 6; 4160; 0; 0; 0; 51 
203684	ID:2	data | 4; 4160; 6360; 4; 253; 51 
203722	ID:2	data | 1; 4160; 6360; 4; 253; 50 
203768	ID:2	data | 7; 4160; 0; 0; 0; 57 
204062	ID:2	data | 9; 4160; 0; 0; 0; 39 
204071	ID:2	data | 5; 4160; 0; 0; 0; 51 
204237	ID:2	data | 3; 4160; 6360; 4; 253; 51 
207490	ID:2	network | 8; 6; 3; 1; 202; -15; 0; 2; 23; |  | 6;9;
207509	ID:2	data | 6; 4160; 0; 0; 0; 52 
207590	ID:2	data | 4; 4160; 6360; 232; 225; 52 
207624	ID:2	network | 2; 255; 255; 1; 208; 0; 3; 3; 23; | 4:2; 1:1; 3:1;  | 4;1;3;
207631	ID:2	data | 1; 4160; 6360; 232; 225; 51 
207662	ID:2	network | 6; 3; 2; 1; 200; -18; 1; 4; 23; | 8:1;  | 8;4;9;3;
207744	ID:2	network | 4; 2; 1; 1; 206; -17; 1; 6; 23; | 9:1;  | 2;6;1;5;9;3;
207782	ID:2	network | 1; 2; 1; 1; 206; -21; 1; 3; 23; | 5:1;  | 2;4;5;
207971	ID:2	data | 5; 4160; 0; 0; 0; 52 
208110	ID:2	network | 9; 4; 2; 1; 0; -34; 0; 5; 23; |  | 8;6;4;7;5;
208133	ID:2	network | 5; 1; 2; 1; 200; -14; 1; 4; 23; | 7:1;  | 4;1;7;9;
208148	ID:2	data | 3; 4160; 6360; 232; 225; 52 
208294	ID:2	network | 3; 2; 1; 1; 206; -23; 1; 3; 22; | 6:2;  | 2;6;4;
211408	ID:2	data | 6; 4160; 0; 0; 0; 53 
211495	ID:2	data | 4; 4160; 6360; 218; 211; 53 
211534	ID:2	data | 1; 4160; 6360; 218; 211; 52 
211873	ID:2	data | 5; 4160; 0; 0; 0; 53 
212052	ID:2	data | 3; 4160; 6360; 218; 211; 53 
215322	ID:2	data | 6; 4160; 0; 0; 0; 54 
215406	ID:2	data | 4; 4160; 6360; 190; 183; 54 
215436	ID:2	data | 1; 4160; 6360; 190; 183; 53 
215780	ID:2	data | 5; 4160; 0; 0; 0; 54 
215956	ID:2	data | 3; 4160; 6360; 190; 183; 54 
216331	ID:2	network | 8; 6; 3; 1; 211; -15; 0; 2; 24; |  | 6;9;
216460	ID:2	network | 2; 255; 255; 1; 217; 0; 3; 3; 24; | 4:0; 1:0; 3:0;  | 4;1;3;
216492	ID:2	network | 6; 3; 2; 1; 209; -18; 1; 4; 24; | 8:0;  | 8;4;9;3;
216583	ID:2	network | 4; 2; 1; 1; 215; -17; 1; 6; 24; | 9:0;  | 2;6;1;5;9;3;
216621	ID:2	network | 1; 2; 1; 1; 215; -21; 1; 3; 24; | 5:0;  | 2;4;5;
216956	ID:2	network | 9; 4; 2; 1; 0; -34; 0; 5; 24; |  | 8;6;4;7;5;
216968	ID:2	network | 5; 1; 2; 1; 209; -14; 1; 4; 24; | 7:0;  | 4;1;7;9;
217136	ID:2	network | 3; 2; 1; 1; 215; -23; 1; 3; 23; | 6:0;  | 2;6;4;
218211	ID:2	network | 7; 5; 3; 0; 0; 0; 0; 0; 0; |  | 
219223	ID:2	data | 6; 4160; 0; 0; 0; 55 
219313	ID:2	data | 4; 4160; 6360; 176; 169; 55 
219349	ID:2	data | 1; 4160; 6360; 176; 169; 54 
219689	ID:2	data | 5; 4160; 0; 0; 0; 55 
219863	ID:2	data | 3; 4160; 6360; 176; 169; 55 
222973	ID:2	data | 8; 4160; 0; 0; 0; 40 
223128	ID:2	data | 6; 4160; 0; 0; 0; 56 
223213	ID:2	data | 4; 4160; 6360; 148; 141; 56 
223254	ID:2	data | 1; 4160; 6360; 148; 141; 55 
223584	ID:2	data | 9; 4160; 0; 0; 0; 40 
223602	ID:2	data | 5; 4160; 0; 0; 0; 56 
223768	ID:2	data | 3; 4160; 6360; 148; 141; 56 
225169	ID:2	network | 8; 6; 3; 1; 220; -15; 0; 2; 25; |  | 6;9;
225298	ID:2	network | 2; 255; 255; 1; 226; 0; 3; 3; 25; | 4:1; 1:1; 3:1;  | 4;1;3;
225332	ID:2	network | 6; 3; 2; 1; 218; -18; 1; 4; 25; | 8:0;  | 8;4;9;3;
225419	ID:2	network | 4; 2; 1; 1; 224; -17; 1; 6; 25; | 9:1;  | 2;6;1;5;9;3;
225453	ID:2	network | 1; 2; 1; 1; 224; -21; 1; 3; 25; | 5:1;  | 2;4;5;
225790	ID:2	network | 9; 4; 2; 1; 0; -34; 0; 5; 25; |  | 8;6;4;7;5;
225811	ID:2	network | 5; 1; 2; 1; 218; -14; 1; 4; 25; | 7:0;  | 4;1;7;9;
225975	ID:2	network | 3; 2; 1; 1; 224; -23; 1; 3; 24; | 6:0;  | 2;6;4;
227033	ID:2	data | 6; 4160; 0; 0; 0; 57 
227123	ID:2	data | 4; 4160; 6360; 120; 113; 57 
227156	ID:2	data | 1; 4160; 6360; 120; 113; 56 
227499	ID:2	data | 5; 4160; 0; 0; 0; 57 
227677	ID:2	data | 3; 4160; 6360; 120; 113; 57 
230944	ID:2	data | 6; 4160; 0; 0; 0; 58 
231035	ID:2	data | 4; 4160; 6360; 106; 99; 58 
231061	ID:2	data | 1; 4160; 6360; 106; 99; 57 
231403	ID:2	data | 5; 4160; 0; 0; 0; 58 
231582	ID:2	data | 3; 4160; 6360; 106; 99; 58 
234001	ID:2	network | 8; 6; 3; 1; 229; -15; 0; 2; 26; |  | 6;9;
234135	ID:2	network | 2; 255; 255; 1; 235; 0; 3; 3; 26; | 4:1; 1:1; 3:1;  | 4;1;3;
234171	ID:2	network | 6; 3; 2; 1; 227; -18; 1; 4; 26; | 8:0;  | 8;4;9;3;
234261	ID:2	network | 4; 2; 1; 1; 233; -17; 1; 6; 26; | 9:0;  | 2;6;1;5;9;3;
234297	ID:2	network | 1; 2; 1; 1; 233; -21; 1; 3; 26; | 5:1;  | 2;4;5;
234635	ID:2	network | 9; 4; 2; 1; 0; -34; 0; 5; 26; |  | 8;6;4;7;5;
234647	ID:2	network | 5; 1; 2; 1; 227; -14; 1; 4; 26; | 7:0;  | 4;1;7;9;
234809	ID:2	network | 3; 2; 1; 1; 233; -23; 1; 3; 25; | 6:1;  | 2;6;4;
234844	ID:2	data | 6; 4160; 0; 0; 0; 59 
234936	ID:2	data | 4; 4160; 6360; 78; 71; 59 
234965	ID:2	data | 1; 4160; 6360; 78; 71; 58 
235305	ID:2	data | 5; 4160; 0; 0; 0; 59 
235486	ID:2	data | 3; 4160; 6360; 78; 71; 59 
238754	ID:2	data | 6; 4160; 0; 0; 0; 60 
238842	ID:2	data | 4; 4160; 6360; 64; 57; 60 
238879	ID:2	data | 1; 4160; 6360; 64; 57; 59 
239220	ID:2	data | 5; 4160; 0; 0; 0; 60 
239390	ID:2	data | 3; 4160; 6360; 64; 57; 60 
242497	ID:2	data | 8; 4160; 0; 0; 0; 41 
242658	ID:2	data | 6; 4160; 0; 0; 0; 61 
242748	ID:2	data | 4; 4160; 6360; 36; 29; 61 
242779	ID:2	data | 1; 4160; 6360; 36; 29; 60 
242845	ID:2	network | 8; 6; 3; 1; 238; -15; 0; 2; 27; |  | 6;9;
242973	ID:2	network | 2; 255; 255; 1; 244; 0; 3; 3; 27; | 4:2; 1:2; 3:1;  | 4;1;3;
243009	ID:2	network | 6; 3; 2; 1; 236; -18; 1; 4; 27; | 8:1;  | 8;4;9;3;
243096	ID:2	network | 4; 2; 1; 1; 242; -17; 1; 6; 27; | 9:0;  | 2;6;1;5;9;3;
243126	ID:2	data | 9; 4160; 0; 0; 0; 41 
243138	ID:2	network | 1; 2; 1; 1; 242; -21; 1; 3; 27; | 5:1;  | 2;4;5;
243298	ID:2	data | 3; 4160; 6360; 36; 29; 61 
243470	ID:2	network | 9; 4; 2; 1; 0; -34; 0; 5; 27; |  | 8;6;4;7;5;
243482	ID:2	network | 5; 1; 2; 1; 236; -14; 1; 4; 27; | 7:0;  | 4;1;7;9;
243652	ID:2	network | 3; 2; 1; 1; 242; -23; 1; 3; 26; | 6:2;  | 2;6;4;
246567	ID:2	data | 6; 4160; 0; 0; 0; 62 
246659	ID:2	data | 4; 4160; 6360; 8; 1; 62 
246690	ID:2	data | 1; 4160; 6360; 8; 1; 61 
247031	ID:2	data | 5; 4160; 0; 0; 0; 62 
247209	ID:2	data | 3; 4160; 6360; 8; 1; 62 
250474	ID:2	data | 6; 4160; 0; 0; 0; 63 
250561	ID:2	data | 4; 4160; 6360; 250; 243; 63 
250595	ID:2	data | 1; 4160; 6360; 250; 243; 62 
250934	ID:2	data | 5; 4160; 0; 0; 0; 63 
251109	ID:2	data | 3; 4160; 6360; 250; 243; 63 
251693	ID:2	network | 8; 6; 3; 1; 247; -15; 0; 2; 28; |  | 6;9;
251811	ID:2	network | 2; 255; 255; 1; 253; 0; 3; 3; 28; | 4:1; 1:1; 3:1;  | 4;1;3;
251851	ID:2	network | 6; 3; 2; 1; 245; -18; 1; 4; 28; | 8:0;  | 8;4;9;3;
251933	ID:2	network | 4; 2; 1; 1; 251; -17; 1; 6; 28; | 9:0;  | 2;6;1;5;9;3;
251965	ID:2	network | 1; 2; 1; 1; 251; -21; 1; 3; 28; | 5:1;  | 2;4;5;
252305	ID:2	network | 9; 4; 2; 1; 0; -34; 0; 5; 28; |  | 8;6;4;7;5;
252330	ID:2	network | 5; 1; 2; 1; 245; -14; 1; 4; 28; | 7:0;  | 4;1;7;9;
252487	ID:2	network | 3; 2; 1; 1; 251; -23; 1; 3; 27; | 6:0;  | 2;6;4;
254375	ID:2	data | 6; 4160; 0; 0; 0; 64 
254470	ID:2	data | 4; 4160; 6360; 222; 215; 64 
254498	ID:2	data | 1; 4160; 6360; 222; 215; 63 
254842	ID:2	data | 5; 4160; 0; 0; 0; 64 
255022	ID:2	data | 3; 4160; 6360; 222; 215; 64 
258288	ID:2	data | 6; 4160; 0; 0; 0; 65 
258372	ID:2	data | 4; 4160; 6360; 208; 201; 65 
258411	ID:2	data | 1; 4160; 6360; 208; 201; 64 
258745	ID:2	data | 5; 4160; 0; 0; 0; 65 
258924	ID:2	data | 3; 4160; 6360; 208; 201; 65 
260518	ID:2	network | 8; 6; 3; 1; 256; -15; 0; 2; 29; |  | 6;9;
260649	ID:2	network | 2; 255; 255; 1; 262; 0; 3; 3; 29; | 4:1; 1:1; 3:1;  | 4;1;3;
260686	ID:2	network | 6; 3; 2; 1; 254; -18; 1; 4; 29; | 8:0;  | 8;4;9;3;
260772	ID:2	network | 4; 2; 1; 1; 260; -17; 1; 6; 29; | 9:0;  | 2;6;1;5;9;3;
260803	ID:2	network | 1; 2; 1; 1; 260; -21; 1; 3; 29; | 5:1;  | 2;4;5;
261146	ID:2	network | 9; 4; 2; 1; 0; -34; 0; 5; 29; |  | 8;6;4;7;5;
261158	ID:2	network | 5; 1; 2; 1; 254; -14; 1; 4; 29; | 7:0;  | 4;1;7;9;
261321	ID:2	network | 3; 2; 1; 1; 260; -23; 1; 3; 28; | 6:1;  | 2;6;4;
262024	ID:2	data | 8; 4160; 0; 0; 0; 42 
262194	ID:2	data | 6; 4160; 0; 0; 0; 66 
262281	ID:2	data | 4; 4160; 6360; 180; 173; 66 
262317	ID:2	data | 1; 4160; 6360; 180; 173; 65 
262648	ID:2	data | 9; 4160; 0; 0; 0; 42 
262659	ID:2	data | 5; 4160; 0; 0; 0; 66 
262836	ID:2	data | 3; 4160; 6360; 180; 173; 66 
264305	ID:2	data | 7; 4160; 0; 0; 0; 58 
265933	ID:2	data | 8; 4160; 0; 0; 0; 43 
266104	ID:2	data | 6; 4160; 0; 0; 0; 67 
266189	ID:2	data | 4; 4160; 6360; 152; 145; 67 
266217	ID:2	data | 1; 4160; 6360; 152; 145; 66 
266256	ID:2	data | 7; 4160; 0; 0; 0; 59 
266553	ID:2	data | 9; 4160; 0; 0; 0; 43 
266563	ID:2	data | 5; 4160; 0; 0; 0; 67 
266742	ID:2	data | 3; 4160; 6360; 152; 145; 67 
269356	ID:2	network | 8; 6; 3; 1; 265; -15; 0; 2; 30; |  | 6;9;
269487	ID:2	network | 2; 255; 255; 1; 271; 0; 3; 3; 30; | 4:1; 1:1; 3:1;  | 4;1;3;
269530	ID:2	network | 6; 3; 2; 1; 263; -18; 1; 4; 30; | 8:1;  | 8;4;9;3;
269614	ID:2	network | 4; 2; 1; 1; 269; -17; 1; 6; 30; | 9:1;  | 2;6;1;5;9;3;
269645	ID:2	network | 1; 2; 1; 1; 269; -21; 1; 3; 30; | 5:1;  | 2;4;5;
269692	ID:2	network | 7; 5; 3; 1; 268; -14; 0; 2; 16; |  | 5;9;
269842	ID:2	data | 8; 4160; 0; 0; 0; 44 
269987	ID:2	network | 9; 4; 2; 1; 6; -34; 0; 5; 30; |  | 8;6;4;7;5;
269999	ID:2	network | 5; 1; 2; 1; 263; -14; 1; 4; 30; | 7:1;  | 4;1;7;9;
270010	ID:2	data | 6; 4160; 0; 0; 0; 68 
270089	ID:2	data | 4; 4160; 6360; 138; 131; 68 
270125	ID:2	data | 1; 4160; 6360; 138; 131; 67 
270162	ID:2	network | 3; 2; 1; 1; 269; -23; 1; 3; 29; | 6:2;  | 2;6;4;
270169	ID:2	data | 7; 4160; 0; 0; 0; 60 
270459	ID:2	data | 9; 4160; 0; 0; 0; 44 
270468	ID:2	data | 5; 4160; 0; 0; 0; 68 
270646	ID:2	data | 3; 4160; 6360; 138; 131; 68 
272114	ID:2	data | 7; 4160; 0; 0; 0; 61 
273748	ID:2	data | 8; 4160; 0; 0; 0; 45 
273910	ID:2	data | 6; 4160; 0; 0; 0; 69 
273999	ID:2	data | 4; 4160; 6360; 110; 103; 69 
274031	ID:2	data | 1; 4160; 6360; 110; 103; 68 
274074	ID:2	data | 7; 4160; 0; 0; 0; 62 
274360	ID:2	data | 9; 4160; 0; 0; 0; 45 
274374	ID:2	data | 5; 4160; 0; 0; 0; 69 
274547	ID:2	data | 3; 4160; 6360; 110; 103; 69 
276030	ID:2	data | 7; 4160; 0; 0; 0; 63 
277651	ID:2	data | 8; 4160; 0; 0; 0; 46 
277819	ID:2	data | 6; 4160; 0; 0; 0; 70 
277905	ID:2	data | 4; 4160; 6360; 96; 89; 70 
277942	ID:2	data | 1; 4160; 6360; 96; 89; 69 
278205	ID:2	network | 8; 6; 3; 1; 274; -15; 0; 2; 31; |  | 6;9;
278274	ID:2	data | 9; 4160; 0; 0; 0; 46 
278284	ID:2	data | 5; 4160; 0; 0; 0; 70 
278325	ID:2	network | 2; 255; 255; 1; 280; 0; 3; 3; 31; | 4:1; 1:1; 3:0;  | 4;1;3;
278361	ID:2	network | 6; 3; 2; 1; 272; -18; 1; 4; 31; | 8:0;  | 8;4;9;3;
278451	ID:2	network | 4; 2; 1; 1; 278; -17; 1; 6; 31; | 9:1;  | 2;6;1;5;9;3;
278460	ID:2	data | 3; 4160; 6360; 96; 89; 70 
278484	ID:2	network | 1; 2; 1; 1; 278; -21; 1; 3; 31; | 5:1;  | 2;4;5;
278521	ID:2	network | 7; 5; 3; 1; 277; -14; 0; 2; 17; |  | 5;9;
278825	ID:2	network | 9; 4; 2; 1; 15; -34; 0; 5; 31; |  | 8;6;4;7;5;
278837	ID:2	network | 5; 1; 2; 1; 272; -14; 1; 4; 31; | 7:0;  | 4;1;7;9;
278998	ID:2	network | 3; 2; 1; 1; 278; -23; 1; 3; 30; | 6:0;  | 2;6;4;
279926	ID:2	data | 7; 4160; 0; 0; 0; 64 
281558	ID:2	data | 8; 4160; 0; 0; 0; 47 
281727	ID:2	data | 6; 4160; 0; 0; 0; 71 
281809	ID:2	data | 4; 4160; 6360; 68; 61; 71 
281842	ID:2	data | 1; 4160; 6360; 68; 61; 70 
281880	ID:2	data | 7; 4160; 0; 0; 0; 65 
282181	ID:2	data | 9; 4160; 0; 0; 0; 47 
282187	ID:2	data | 5; 4160; 0; 0; 0; 71 
282361	ID:2	data | 3; 4160; 6360; 68; 61; 71 
283831	ID:2	data | 7; 4160; 0; 0; 0; 66 
285469	ID:2	data | 8; 4160; 0; 0; 0; 48 
285627	ID:2	data | 6; 4160; 0; 0; 0; 72 
285722	ID:2	data | 4; 4160; 6360; 40; 33; 72 
285755	ID:2	data | 1; 4160; 6360; 40; 33; 71 
285791	ID:2	data | 7; 4160; 0; 0; 0; 67 
286085	ID:2	data | 9; 4160; 0; 0; 0; 48 
286098	ID:2	data | 5; 4160; 0; 0; 0; 72 
286268	ID:2	data | 3; 4160; 6360; 40; 33; 72 
287037	ID:2	network | 8; 6; 3; 1; 283; -15; 0; 2; 32; |  | 6;9;
287163	ID:2	network | 2; 255; 255; 1; 289; 0; 3; 3; 32; | 4:1; 1:1; 3:1;  | 4;1;3;
287201	ID:2	network | 6; 3; 2; 1; 281; -18; 1; 4; 32; | 8:1;  | 8;4;9;3;
287284	ID:2	network | 4; 2; 1; 1; 287; -17; 1; 6; 32; | 9:1;  | 2;6;1;5;9;3;
287321	ID:2	network | 1; 2; 1; 1; 287; -21; 1; 3; 32; | 5:1;  | 2;4;5;
287366	ID:2	network | 7; 5; 3; 1; 286; -14; 0; 2; 18; |  | 5;9;
287665	ID:2	network | 9; 4; 2; 1; 24; -34; 0; 5; 32; |  | 8;6;4;7;5;
287677	ID:2	network | 5; 1; 2; 1; 281; -14; 1; 4; 32; | 7:1;  | 4;1;7;9;
287833	ID:2	network | 3; 2; 1; 1; 287; -23; 1; 3; 31; | 6:1;  | 2;6;4;
289367	ID:2	data | 8; 4160; 0; 0; 0; 49 
289534	ID:2	data | 6; 4160; 0; 0; 0; 73 
289627	ID:2	data | 4; 4160; 6360; 26; 19; 73 
289662	ID:2	data | 1; 4160; 6360; 26; 19; 72 
289699	ID:2	data | 7; 4160; 0; 0; 0; 68 
289993	ID:2	data | 9; 4160; 0; 0; 0; 49 
290000	ID:2	data | 5; 4160; 0; 0; 0; 73 
290172	ID:2	data | 3; 4160; 6360; 26; 19; 73 
291650	ID:2	data | 7; 4160; 0; 0; 0; 69 
293278	ID:2	data | 8; 4160; 0; 0; 0; 50 
293434	ID:2	data | 6; 4160; 0; 0; 0; 74 
293530	ID:2	data | 4; 4160; 6360; 254; 247; 74 
293565	ID:2	data | 1; 4160; 6360; 254; 247; 73 
293607	ID:2	data | 7; 4160; 0; 0; 0; 70 
293902	ID:2	data | 9; 4160; 0; 0; 0; 50 
293911	ID:2	data | 5; 4160; 0; 0; 0; 74 
294083	ID:2	data | 3; 4160; 6360; 254; 247; 74 
295549	ID:2	data | 7; 4160; 0; 0; 0; 71 
295869	ID:2	network | 8; 6; 3; 1; 292; -15; 0; 2; 33; |  | 6;9;
296001	ID:2	network | 2; 255; 255; 1; 298; 0; 3; 3; 33; | 4:1; 1:1; 3:1;  | 4;1;3;
296040	ID:2	network | 6; 3; 2; 1; 290; -18; 1; 4; 33; | 8:1;  | 8;4;9;3;
296126	ID:2	network | 4; 2; 1; 1; 296; -17; 1; 6; 33; | 9:1;  | 2;6;1;5;9;3;
296158	ID:2	network | 1; 2; 1; 1; 296; -21; 1; 3; 33; | 5:1;  | 2;4;5;
296209	ID:2	network | 7; 5; 3; 1; 295; -14; 0; 2; 19; |  | 5;9;
296496	ID:2	network | 9; 4; 2; 1; 33; -34; 0; 5; 33; |  | 8;6;4;7;5;
296508	ID:2	network | 5; 1; 2; 1; 290; -14; 1; 4; 33; | 7:2;  | 4;1;7;9;
296672	ID:2	network | 3; 2; 1; 1; 296; -23; 1; 3; 32; | 6:1;  | 2;6;4;
297181	ID:2	data | 8; 4160; 0; 0; 0; 51 
297342	ID:2	data | 6; 4160; 0; 0; 0; 75 
297438	ID:2	data | 4; 4160; 6360; 240; 233; 75 
297470	ID:2	data | 1; 4160; 6360; 240; 233; 74 
297798	ID:2	data | 9; 4160; 0; 0; 0; 51 
297817	ID:2	data | 5; 4160; 0; 0; 0; 75 
297988	ID:2	data | 3; 4160; 6360; 240; 233; 75 
299467	ID:2	data | 7; 4160; 0; 0; 0; 72 
301088	ID:2	data | 8; 4160; 0; 0; 0; 52 
301251	ID:2	data | 6; 4160; 0; 0; 0; 76 
301343	ID:2	data | 4; 4160; 6360; 212; 205; 76 
301376	ID:2	data | 1; 4160; 6360; 212; 205; 75 
301413	ID:2	data | 7; 4160; 0; 0; 0; 73 
301711	ID:2	data | 9; 4160; 0; 0; 0; 52 
301718	ID:2	data | 5; 4160; 0; 0; 0; 76 
301899	ID:2	data | 3; 4160; 6360; 212; 205; 76 
303363	ID:2	data | 7; 4160; 0; 0; 0; 74 
304713	ID:2	network | 8; 6; 3; 1; 301; -15; 0; 2; 34; |  | 6;9;
304839	ID:2	network | 2; 255; 255; 1; 307; 0; 3; 3; 34; | 4:1; 1:1; 3:1;  | 4;1;3;
304884	ID:2	network | 6; 3; 2; 1; 299; -18; 1; 4; 34; | 8:1;  | 8;4;9;3;
304962	ID:2	network | 4; 2; 1; 1; 305; -17; 1; 6; 34; | 9:1;  | 2;6;1;5;9;3;
304998	ID:2	network | 1; 2; 1; 1; 305; -21; 1; 3; 34; | 5:1;  | 2;4;5;
305004	ID:2	data | 8; 4160; 0; 0; 0; 53 
305037	ID:2	network | 7; 5; 3; 1; 304; -14; 0; 2; 20; |  | 5;9;
305163	ID:2	data | 6; 4160; 0; 0; 0; 77 
305250	ID:2	data | 4; 4160; 6360; 184; 177; 77 
305287	ID:2	data | 1; 4160; 6360; 184; 177; 76 
305335	ID:2	network | 9; 4; 2; 1; 42; -34; 0; 5; 34; |  | 8;6;4;7;5;
305341	ID:2	data | 7; 4160; 0; 0; 0; 75 
305509	ID:2	network | 3; 2; 1; 1; 305; -23; 1; 3; 33; | 6:2;  | 2;6;4;
305620	ID:2	data | 9; 4160; 0; 0; 0; 53 
305627	ID:2	data | 5; 4160; 0; 0; 0; 77 
305802	ID:2	data | 3; 4160; 6360; 184; 177; 77 
308901	ID:2	data | 8; 4160; 0; 0; 0; 54 
309063	ID:2	data | 6; 4160; 0; 0; 0; 78 
309155	ID:2	data | 4; 4160; 6360; 170; 163; 78 
309187	ID:2	data | 1; 4160; 6360; 170; 163; 77 
309233	ID:2	data | 7; 4160; 0; 0; 0; 76 
309523	ID:2	data | 9; 4160; 0; 0; 0; 54 
309530	ID:2	data | 5; 4160; 0; 0; 0; 78 
309707	ID:2	data | 3; 4160; 6360; 170; 163; 78 
311182	ID:2	data | 7; 4160; 0; 0; 0; 77 
312805	ID:2	data | 8; 4160; 0; 0; 0; 55 
312979	ID:2	data | 6; 4160; 0; 0; 0; 79 
313058	ID:2	data | 4; 4160; 6360; 142; 135; 79 
313094	ID:2	data | 1; 4160; 6360; 142; 135; 78 
313138	ID:2	data | 7; 4160; 0; 0; 0; 78 
313433	ID:2	data | 9; 4160; 0; 0; 0; 55 
313441	ID:2	data | 5; 4160; 0; 0; 0; 79 
313556	ID:2	network | 8; 6; 3; 1; 310; -15; 0; 2; 35; |  | 6;9;
313610	ID:2	data | 3; 4160; 6360; 142; 135; 79 
313677	ID:2	network | 2; 255; 255; 1; 316; 0; 3; 3; 35; | 4:1; 1:1; 3:1;  | 4;1;3;
313721	ID:2	network | 6; 3; 2; 1; 308; -18; 1; 4; 35; | 8:1;  | 8;4;9;3;
313800	ID:2	network | 4; 2; 1; 1; 314; -17; 1; 6; 35; | 9:1;  | 2;6;1;5;9;3;
313832	ID:2	network | 1; 2; 1; 1; 314; -21; 1; 3; 35; | 5:1;  | 2;4;5;
313886	ID:2	network | 7; 5; 3; 1; 313; -14; 0; 2; 21; |  | 5;9;
314177	ID:2	network | 9; 4; 2; 1; 51; -34; 0; 5; 35; |  | 8;6;4;7;5;
314190	ID:2	network | 5; 1; 2; 1; 308; -14; 1; 4; 34; | 7:1;  | 4;1;7;9;
314350	ID:2	network | 3; 2; 1; 1; 314; -23; 1; 3; 34; | 6:1;  | 2;6;4;
315092	ID:2	data | 7; 4160; 0; 0; 0; 79 
316713	ID:2	data | 8; 4160; 0; 0; 0; 56 
316877	ID:2	data | 6; 4160; 0; 0; 0; 80 
316968	ID:2	data | 4; 4160; 6360; 128; 121; 80 
317001	ID:2	data | 1; 4160; 6360; 128; 121; 79 
317337	ID:2	data | 9; 4160; 0; 0; 0; 56 
317344	ID:2	data | 5; 4160; 0; 0; 0; 80 
317519	ID:2	data | 3; 4160; 6360; 128; 121; 80 
318992	ID:2	data | 7; 4160; 0; 0; 0; 80 
320615	ID:2	data | 8; 4160; 0; 0; 0; 57 
320788	ID:2	data | 6; 4160; 0; 0; 0; 81 
320873	ID:2	data | 4; 4160; 6360; 100; 93; 81 
320947	ID:2	data | 7; 4160; 0; 0; 0; 81 
320984	ID:2	data | 1; 4160; 6360; 100; 93; 80 
321243	ID:2	data | 9; 4160; 0; 0; 0; 57 
321252	ID:2	data | 5; 4160; 0; 0; 0; 81 
321424	ID:2	data | 3; 4160; 6360; 100; 93; 81 
322389	ID:2	network | 8; 6; 3; 1; 319; -15; 0; 2; 36; |  | 6;9;
322514	ID:2	network | 2; 255; 255; 1; 325; 0; 3; 3; 36; | 4:1; 1:1; 3:1;  | 4;1;3;
322554	ID:2	network | 6; 3; 2; 1; 317; -18; 1; 4; 36; | 8:1;  | 8;4;9;3;
322636	ID:2	network | 4; 2; 1; 1; 323; -17; 1; 6; 36; | 9:1;  | 2;6;1;5;9;3;
322671	ID:2	network | 1; 2; 1; 1; 323; -21; 1; 3; 36; | 5:1;  | 2;4;5;
323014	ID:2	network | 9; 4; 2; 1; 60; -34; 0; 5; 36; |  | 8;6;4;7;5;
323026	ID:2	network | 5; 1; 2; 1; 317; -14; 1; 4; 35; | 7:1;  | 4;1;7;9;
323187	ID:2	network | 3; 2; 1; 1; 323; -23; 1; 3; 35; | 6:1;  | 2;6;4;
324697	ID:2	data | 6; 4160; 0; 0; 0; 82 
324777	ID:2	data | 4; 4160; 6360; 72; 65; 82 
324815	ID:2	data | 1; 4160; 6360; 72; 65; 81 
325148	ID:2	data | 9; 4160; 0; 0; 0; 58 
325155	ID:2	data | 5; 4160; 0; 0; 0; 82 
325326	ID:2	data | 3; 4160; 6360; 72; 65; 82 
328599	ID:2	data | 6; 4160; 0; 0; 0; 83 
328685	ID:2	data | 4; 4160; 6360; 58; 51; 83 
328720	ID:2	data | 1; 4160; 6360; 58; 51; 82 
329052	ID:2	data | 9; 4160; 0; 0; 0; 59 
329062	ID:2	data | 5; 4160; 0; 0; 0; 83 
329233	ID:2	data | 3; 4160; 6360; 58; 51; 83 
331221	ID:2	network | 8; 6; 3; 1; 328; -15; 0; 2; 37; |  | 6;9;
331352	ID:2	network | 2; 255; 255; 1; 334; 0; 3; 3; 37; | 4:1; 1:1; 3:1;  | 4;1;3;
331391	ID:2	network | 6; 3; 2; 1; 326; -18; 1; 4; 37; | 8:0;  | 8;4;9;3;
331480	ID:2	network | 4; 2; 1; 1; 332; -17; 1; 6; 37; | 9:1;  | 2;6;1;5;9;3;
331509	ID:2	network | 1; 2; 1; 1; 332; -21; 1; 3; 37; | 5:1;  | 2;4;5;
331850	ID:2	network | 9; 4; 2; 1; 69; -34; 0; 5; 37; |  | 8;6;4;7;5;
331863	ID:2	network | 5; 1; 2; 1; 326; -14; 1; 4; 36; | 7:0;  | 4;1;7;9;
332024	ID:2	network | 3; 2; 1; 1; 332; -23; 1; 3; 36; | 6:1;  | 2;6;4;
332469	ID:2	network | 7; 5; 3; 0; 0; 0; 0; 0; 0; |  | 
332503	ID:2	data | 6; 4160; 0; 0; 0; 84 
332593	ID:2	data | 4; 4160; 6360; 30; 23; 84 
332625	ID:2	data | 1; 4160; 6360; 30; 23; 83 
332962	ID:2	data | 9; 4160; 0; 0; 0; 60 
332969	ID:2	data | 5; 4160; 0; 0; 0; 84 
333141	ID:2	data | 3; 4160; 6360; 30; 23; 84 
336407	ID:2	data | 6; 4160; 0; 0; 0; 85 
336501	ID:2	data | 4; 4160; 6360; 16; 9; 85 
336534	ID:2	data | 1; 4160; 6360; 16; 9; 84 
336871	ID:2	data | 9; 4160; 0; 0; 0; 61 
336878	ID:2	data | 5; 4160; 0; 0; 0; 85 
337055	ID:2	data | 3; 4160; 6360; 16; 9; 85 
340057	ID:2	network | 8; 6; 3; 1; 337; -15; 0; 2; 38; |  | 6;9;
340153	ID:2	data | 8; 4160; 0; 0; 0; 58 
340190	ID:2	network | 2; 255; 255; 1; 343; 0; 3; 3; 38; | 4:0; 1:0; 3:0;  | 4;1;3;
340236	ID:2	network | 6; 3; 2; 1; 335; -18; 1; 4; 38; | 8:1;  | 8;4;9;3;
340311	ID:2	network | 4; 2; 1; 1; 341; -17; 1; 6; 38; | 9:0;  | 2;6;1;5;9;3;
340323	ID:2	data | 6; 4160; 0; 0; 0; 86 
340345	ID:2	network | 1; 2; 1; 1; 341; -21; 1; 3; 38; | 5:0;  | 2;4;5;
340407	ID:2	data | 4; 4160; 6360; 244; 237; 86 
340444	ID:2	data | 1; 4160; 6360; 244; 237; 85 
340688	ID:2	network | 9; 4; 2; 1; 78; -34; 0; 5; 38; |  | 8;6;4;7;5;
340700	ID:2	network | 5; 1; 2; 1; 335; -14; 1; 4; 37; | 7:0;  | 4;1;7;9;
340779	ID:2	data | 9; 4160; 0; 0; 0; 62 
340786	ID:2	data | 5; 4160; 0; 0; 0; 86 
340860	ID:2	network | 3; 2; 1; 1; 341; -23; 1; 3; 37; | 6:1;  | 2;6;4;
340960	ID:2	data | 3; 4160; 6360; 244; 237; 86 
344225	ID:2	data | 6; 4160; 0; 0; 0; 87 
344314	ID:2	data | 4; 4160; 6360; 216; 209; 87 
344348	ID:2	data | 1; 4160; 6360; 216; 209; 86 
344684	ID:2	data | 9; 4160; 0; 0; 0; 63 
344691	ID:2	data | 5; 4160; 0; 0; 0; 87 
344859	ID:2	data | 3; 4160; 6360; 216; 209; 87 
348132	ID:2	data | 6; 4160; 0; 0; 0; 88 
348221	ID:2	data | 4; 4160; 6360; 202; 195; 88 
348253	ID:2	data | 1; 4160; 6360; 202; 195; 87 
348625	ID:2	data | 9; 4160; 0; 0; 0; 64 
348669	ID:2	data | 5; 4160; 0; 0; 0; 88 
348774	ID:2	data | 3; 4160; 6360; 202; 195; 88 
348896	ID:2	network | 8; 6; 3; 1; 346; -15; 0; 2; 39; |  | 6;9;
349028	ID:2	network | 2; 255; 255; 1; 352; 0; 3; 3; 39; | 4:1; 1:1; 3:1;  | 4;1;3;
349067	ID:2	network | 6; 3; 2; 1; 344; -18; 1; 4; 39; | 8:0;  | 8;4;9;3;
349156	ID:2	network | 4; 2; 1; 1; 350; -17; 1; 6; 39; | 9:1;  | 2;6;1;5;9;3;
349183	ID:2	network | 1; 2; 1; 1; 350; -21; 1; 3; 39; | 5:1;  | 2;4;5;
349527	ID:2	network | 9; 4; 2; 1; 87; -34; 0; 5; 39; |  | 8;6;4;7;5;
349540	ID:2	network | 5; 1; 2; 1; 344; -14; 1; 4; 38; | 7:0;  | 4;1;7;9;
349703	ID:2	network | 3; 2; 1; 1; 350; -23; 1; 3; 38; | 6:1;  | 2;6;4;
352033	ID:2	data | 6; 4160; 0; 0; 0; 89 
352128	ID:2	data | 4; 4160; 6360; 174; 167; 89 
352156	ID:2	data | 1; 4160; 6360; 174; 167; 88 
352492	ID:2	data | 9; 4160; 0; 0; 0; 65 
352509	ID:2	data | 5; 4160; 0; 0; 0; 89 
352676	ID:2	data | 3; 4160; 6360; 174; 167; 89 
355939	ID:2	data | 6; 4160; 0; 0; 0; 90 
356031	ID:2	data | 4; 4160; 6360; 160; 153; 90 
356069	ID:2	data | 1; 4160; 6360; 160; 153; 89 
356398	ID:2	data | 9; 4160; 0; 0; 0; 66 
356413	ID:2	data | 5; 4160; 0; 0; 0; 90 
356579	ID:2	data | 3; 4160; 6360; 160; 153; 90 
357740	ID:2	network | 8; 6; 3; 1; 355; -15; 0; 2; 40; |  | 6;9;
357866	ID:2	network | 2; 255; 255; 1; 361; 0; 3; 3; 40; | 4:1; 1:1; 3:1;  | 4;1;3;
357902	ID:2	network | 6; 3; 2; 1; 353; -18; 1; 4; 40; | 8:0;  | 8;4;9;3;
357995	ID:2	network | 4; 2; 1; 1; 359; -17; 1; 6; 40; | 9:1;  | 2;6;1;5;9;3;
358024	ID:2	network | 1; 2; 1; 1; 359; -21; 1; 3; 40; | 5:1;  | 2;4;5;
358440	ID:2	network | 5; 1; 2; 1; 353; -14; 1; 4; 39; | 7:0;  | 4;1;7;9;
358451	ID:2	network | 9; 4; 2; 1; 96; -34; 0; 5; 40; |  | 8;6;4;7;5;
358541	ID:2	network | 3; 2; 1; 1; 359; -23; 1; 3; 39; | 6:1;  | 2;6;4;
359682	ID:2	data | 8; 4160; 0; 0; 0; 59 
359845	ID:2	data | 6; 4160; 0; 0; 0; 91 
359935	ID:2	data | 4; 4160; 6360; 132; 125; 91 
359973	ID:2	data | 1; 4160; 6360; 132; 125; 90 
360304	ID:2	data | 9; 4160; 0; 0; 0; 67 
360313	ID:2	data | 5; 4160; 0; 0; 0; 91 
360490	ID:2	data | 3; 4160; 6360; 132; 125; 91 
363751	ID:2	data | 6; 4160; 0; 0; 0; 92 
363845	ID:2	data | 4; 4160; 6360; 104; 97; 92 
363878	ID:2	data | 1; 4160; 6360; 104; 97; 91 
364206	ID:2	data | 9; 4160; 0; 0; 0; 68 
364224	ID:2	data | 5; 4160; 0; 0; 0; 92 
364390	ID:2	data | 3; 4160; 6360; 104; 97; 92 
366575	ID:2	network | 8; 6; 3; 1; 365; -15; 0; 2; 41; |  | 6;9;
366704	ID:2	network | 2; 255; 255; 1; 371; 0; 3; 3; 41; | 4:0; 1:0; 3:0;  | 4;1;3;
366748	ID:2	network | 6; 3; 2; 1; 363; -18; 1; 4; 41; | 8:0;  | 8;4;9;3;
366829	ID:2	network | 4; 2; 1; 1; 369; -17; 1; 6; 41; | 9:0;  | 2;6;1;5;9;3;
366858	ID:2	network | 1; 2; 1; 1; 369; -21; 1; 3; 41; | 5:0;  | 2;4;5;
367203	ID:2	network | 9; 4; 2; 1; 106; -34; 0; 5; 41; |  | 8;6;4;7;5;
367216	ID:2	network | 5; 1; 2; 1; 363; -14; 1; 4; 40; | 7:0;  | 4;1;7;9;
367379	ID:2	network | 3; 2; 1; 1; 369; -23; 1; 3; 40; | 6:0;  | 2;6;4;
367654	ID:2	data | 6; 4160; 0; 0; 0; 93 
367749	ID:2	data | 4; 4160; 6360; 90; 83; 93 
367786	ID:2	data | 1; 4160; 6360; 90; 83; 92 
368119	ID:2	data | 9; 4160; 0; 0; 0; 69 
368125	ID:2	data | 5; 4160; 0; 0; 0; 93 
368302	ID:2	data | 3; 4160; 6360; 90; 83; 93 
371563	ID:2	data | 6; 4160; 0; 0; 0; 94 
371657	ID:2	data | 4; 4160; 6360; 62; 55; 94 
371692	ID:2	data | 1; 4160; 6360; 62; 55; 93 
372022	ID:2	data | 9; 4160; 0; 0; 0; 70 
372029	ID:2	data | 5; 4160; 0; 0; 0; 94 
372204	ID:2	data | 3; 4160; 6360; 62; 55; 94 
375417	ID:2	network | 8; 6; 3; 1; 374; -15; 0; 2; 42; |  | 6;9;
375471	ID:2	data | 6; 4160; 0; 0; 0; 95 
375542	ID:2	network | 2; 255; 255; 1; 380; 0; 3; 3; 42; | 4:0; 1:0; 3:0;  | 4;1;3;
375558	ID:2	data | 4; 4160; 6360; 48; 41; 95 
375585	ID:2	network | 6; 3; 2; 1; 372; -18; 1; 4; 42; | 8:0;  | 8;4;9;3;
375598	ID:2	data | 1; 4160; 6360; 48; 41; 94 
375664	ID:2	network | 4; 2; 1; 1; 378; -17; 1; 6; 42; | 9:0;  | 2;6;1;5;9;3;
375697	ID:2	network | 1; 2; 1; 1; 378; -21; 1; 3; 42; | 5:0;  | 2;4;5;
375931	ID:2	data | 9; 4160; 0; 0; 0; 71 
375941	ID:2	data | 5; 4160; 0; 0; 0; 95 
376040	ID:2	network | 9; 4; 2; 1; 115; -34; 0; 5; 42; |  | 8;6;4;7;5;
376052	ID:2	network | 5; 1; 2; 1; 372; -14; 1; 4; 41; | 7:0;  | 4;1;7;9;
376116	ID:2	data | 3; 4160; 6360; 48; 41; 95 
376212	ID:2	network | 3; 2; 1; 1; 378; -23; 1; 3; 41; | 6:1;  | 2;6;4;
379218	ID:2	data | 8; 4160; 0; 0; 0; 60 
379374	ID:2	data | 6; 4160; 0; 0; 0; 96 
379468	ID:2	data | 4; 4160; 6360; 20; 13; 96 
379499	ID:2	data | 1; 4160; 6360; 20; 13; 95 
379840	ID:2	data | 9; 4160; 0; 0; 0; 72 
379847	ID:2	data | 5; 4160; 0; 0; 0; 96 
380017	ID:2	data | 3; 4160; 6360; 20; 13; 96 
381492	ID:2	data | 7; 4160; 0; 0; 0; 82 
383117	ID:2	data | 8; 4160; 0; 0; 0; 61 
383284	ID:2	data | 6; 4160; 0; 0; 0; 97 
383370	ID:2	data | 4; 4160; 6360; 248; 241; 97 
383404	ID:2	data | 1; 4160; 6360; 248; 241; 96 
383452	ID:2	data | 7; 4160; 0; 0; 0; 83 
383749	ID:2	data | 5; 4160; 0; 0; 0; 97 
383930	ID:2	data | 3; 4160; 6360; 248; 241; 97 
384255	ID:2	network | 8; 6; 3; 1; 383; -15; 0; 2; 43; |  | 6;9;
384380	ID:2	network | 2; 255; 255; 1; 389; 0; 3; 3; 43; | 4:1; 1:1; 3:1;  | 4;1;3;
384423	ID:2	network | 6; 3; 2; 1; 381; -18; 1; 4; 43; | 8:1;  | 8;4;9;3;
384508	ID:2	network | 4; 2; 1; 1; 387; -17; 1; 6; 43; | 9:0;  | 2;6;1;5;9;3;
384535	ID:2	network | 1; 2; 1; 1; 387; -21; 1; 3; 43; | 5:1;  | 2;4;5;
384583	ID:2	network | 7; 5; 3; 1; 386; -14; 0; 2; 22; |  | 5;9;
384958	ID:2	network | 5; 1; 2; 1; 381; -14; 1; 4; 42; | 7:2;  | 4;1;7;9;
384969	ID:2	network | 9; 4; 2; 1; 0; -34; 0; 5; 43; |  | 8;6;4;7;5;
385056	ID:2	network | 3; 2; 1; 1; 387; -23; 1; 3; 42; | 6:1;  | 2;6;4;
387024	ID:2	data | 8; 4160; 0; 0; 0; 62 
387189	ID:2	data | 6; 4160; 0; 0; 0; 98 
387282	ID:2	data | 4; 4160; 6360; 234; 227; 98 
387315	ID:2	data | 1; 4160; 6360; 234; 227; 97 
387354	ID:2	data | 7; 4160; 0; 0; 0; 84 
387652	ID:2	data | 5; 4160; 0; 0; 0; 98 
387832	ID:2	data | 3; 4160; 6360; 234; 227; 98 
389305	ID:2	data | 7; 4160; 0; 0; 0; 85 
390933	ID:2	data | 8; 4160; 0; 0; 0; 63 
391098	ID:2	data | 6; 4160; 0; 0; 0; 99 
391189	ID:2	data | 4; 4160; 6360; 206; 199; 99 
391220	ID:2	data | 1; 4160; 6360; 206; 199; 98 
391259	ID:2	data | 7; 4160; 0; 0; 0; 86 
391560	ID:2	data | 5; 4160; 0; 0; 0; 99 
391742	ID:2	data | 3; 4160; 6360; 206; 199; 99 
393085	ID:2	network | 8; 6; 3; 1; 392; -15; 0; 2; 44; |  | 6;9;
393208	ID:2	data | 7; 4160; 0; 0; 0; 87 
393220	ID:2	network | 2; 255; 255; 1; 398; 0; 3; 3; 44; | 4:2; 1:2; 3:2;  | 4;1;3;
393262	ID:2	network | 6; 3; 2; 1; 390; -18; 1; 4; 44; | 8:1;  | 8;4;9;3;
393340	ID:2	network | 4; 2; 1; 1; 396; -17; 1; 6; 44; | 9:0;  | 2;6;1;5;9;3;
393374	ID:2	network | 1; 2; 1; 1; 396; -21; 1; 3; 44; | 5:2;  | 2;4;5;
393415	ID:2	network | 7; 5; 3; 1; 395; -14; 0; 2; 23; |  | 5;9;
393720	ID:2	network | 9; 4; 2; 1; 0; -34; 0; 5; 44; |  | 8;6;4;7;5;
393732	ID:2	network | 5; 1; 2; 1; 390; -14; 1; 4; 43; | 7:3;  | 4;1;7;9;
393890	ID:2	network | 3; 2; 1; 1; 396; -23; 1; 3; 43; | 6:1;  | 2;6;4;
394838	ID:2	data | 8; 4160; 0; 0; 0; 64 
395007	ID:2	data | 6; 4160; 0; 0; 0; 100 
395094	ID:2	data | 4; 4160; 6360; 192; 185; 100 
395132	ID:2	data | 1; 4160; 6360; 192; 185; 99 
395475	ID:2	data | 5; 4160; 0; 0; 0; 100 
395648	ID:2	data | 3; 4160; 6360; 192; 185; 100 
397126	ID:2	data | 7; 4160; 0; 0; 0; 88 
398749	ID:2	data | 8; 4160; 0; 0; 0; 65 
398905	ID:2	data | 6; 4160; 0; 0; 0; 101 
398999	ID:2	data | 4; 4160; 6360; 164; 157; 101 
399033	ID:2	data | 1; 4160; 6360; 164; 157; 100 
399070	ID:2	data | 7; 4160; 0; 0; 0; 89 
399363	ID:2	data | 9; 4160; 0; 0; 0; 73 
399377	ID:2	data | 5; 4160; 0; 0; 0; 101 
399548	ID:2	data | 3; 4160; 6360; 164; 157; 101 
401028	ID:2	data | 7; 4160; 0; 0; 0; 90 
401934	ID:2	network | 8; 6; 3; 1; 401; -15; 0; 2; 45; |  | 6;9;
402055	ID:2	network | 2; 255; 255; 1; 407; 0; 3; 3; 45; | 4:0; 1:0; 3:0;  | 4;1;3;
402101	ID:2	network | 6; 3; 2; 1; 399; -18; 1; 4; 45; | 8:0;  | 8;4;9;3;
402182	ID:2	network | 4; 2; 1; 1; 405; -17; 1; 6; 45; | 9:0;  | 2;6;1;5;9;3;
402216	ID:2	network | 1; 2; 1; 1; 405; -21; 1; 3; 45; | 5:0;  | 2;4;5;
402261	ID:2	network | 7; 5; 3; 1; 404; -14; 0; 2; 24; |  | 5;9;
402543	ID:2	network | 9; 4; 2; 1; 0; -34; 0; 5; 45; |  | 8;6;4;7;5;
402561	ID:2	network | 5; 1; 2; 1; 399; -14; 1; 4; 44; | 7:0;  | 4;1;7;9;
